rainfall_mm,slope_deg,susceptibility,soil_saturation,past_incidents,risk_probability,slide_occurred
21.1,45.6,0.438,0.145,5,0.463,0
135.5,41.2,0.273,0.425,2,0.814,1
59.3,41.8,0.183,0.31,3,0.346,0
41.1,21.3,0.36,0.382,4,0.25,0
7.6,47.1,0.616,0.113,0,0.382,0
7.6,37.6,0.152,0.086,1,0.193,0
2.7,31.3,0.194,0.148,3,0.185,0
90.5,36.4,0.36,0.444,5,0.568,1
41.4,17.2,0.582,0.131,1,0.076,0
55.4,39.1,0.104,0.396,3,0.336,0
0.9,24.7,0.527,0.138,3,0.151,0
157.7,21.5,0.823,0.459,7,0.809,1
80.4,19.8,0.508,0.21,4,0.308,0
10.7,46.1,0.382,0.232,2,0.417,0
9.0,28.7,0.092,0.157,3,0.178,0
9.1,50.3,0.065,0.185,1,0.292,0
16.3,29.6,0.466,0.116,3,0.191,0
33.5,17.9,0.068,0.203,1,0.078,0
25.4,23.8,0.361,0.17,3,0.168,0
15.5,47.4,0.19,0.178,2,0.353,0
42.6,33.4,0.47,0.196,0,0.191,0
6.8,29.5,0.557,0.05,4,0.192,0
15.5,36.6,0.552,0.405,3,0.419,0
20.5,40.0,0.553,0.089,5,0.409,0
27.4,46.2,0.458,0.228,4,0.457,0
69.2,49.5,0.604,0.17,3,0.601,1
10.0,31.4,0.455,0.05,3,0.209,0
32.5,21.7,0.297,0.234,0,0.065,0
40.4,30.9,0.064,0.258,1,0.164,0
2.1,37.6,0.686,0.256,4,0.42,0
42.1,25.4,0.801,0.28,3,0.29,0
8.4,25.4,0.304,0.158,3,0.137,0
3.0,38.4,0.294,0.081,4,0.334,0
133.8,34.5,0.07,0.582,2,0.671,1
151.7,35.3,0.308,0.578,4,0.867,1
74.4,27.4,0.389,0.224,4,0.289,0
16.3,32.7,0.187,0.191,3,0.227,0
4.6,25.8,0.186,0.172,0,0.101,0
51.9,43.9,0.394,0.243,2,0.462,0
26.1,45.4,0.35,0.273,3,0.425,0
5.9,16.5,0.202,0.23,0,0.016,0
30.8,25.7,0.679,0.207,3,0.146,0
1.6,20.0,0.021,0.131,2,0.162,0
108.0,28.5,0.657,0.522,1,0.542,1
13.5,34.2,0.207,0.256,1,0.193,0
48.9,20.5,0.363,0.27,3,0.219,0
16.8,25.8,0.458,0.059,1,0.058,0
33.0,25.0,0.386,0.255,4,0.186,0
35.6,37.1,0.337,0.289,1,0.231,0
9.2,35.7,0.306,0.05,1,0.193,0
157.2,27.8,0.367,0.537,2,0.654,1
67.2,36.8,0.57,0.273,3,0.383,0
126.2,29.5,0.533,0.427,3,0.597,1
101.3,32.3,0.162,0.314,3,0.454,0
41.0,51.7,0.698,0.234,3,0.753,1
114.7,48.4,0.136,0.529,2,0.742,1
4.2,22.0,0.628,0.124,4,0.208,0
9.8,43.3,0.507,0.25,5,0.485,0
2.1,43.1,0.135,0.09,1,0.135,0
17.7,23.5,0.619,0.252,5,0.18,0
22.1,43.2,0.51,0.202,2,0.385,0
14.2,50.4,0.465,0.211,3,0.585,1
79.4,23.8,0.241,0.336,6,0.317,0
19.9,25.8,0.417,0.248,4,0.221,0
14.8,45.2,0.213,0.05,2,0.196,0
35.2,37.7,0.399,0.119,0,0.135,0
6.8,40.5,0.149,0.199,3,0.349,0
72.9,38.4,0.738,0.157,5,0.647,1
3.5,38.9,0.395,0.116,4,0.335,0
195.0,21.7,0.318,0.601,0,0.56,1
66.6,45.5,0.5,0.239,3,0.55,1
10.0,46.7,0.751,0.118,5,0.674,1
0.2,32.7,0.239,0.172,1,0.204,0
76.0,34.6,0.52,0.408,2,0.427,0
55.2,19.7,0.427,0.202,5,0.226,0
58.8,40.1,0.37,0.241,3,0.371,0
66.4,40.7,0.039,0.246,0,0.261,0
3.5,34.4,0.499,0.05,2,0.218,0
20.0,46.2,0.573,0.208,2,0.492,0
5.5,31.7,0.659,0.238,4,0.293,0
89.5,40.6,0.562,0.44,2,0.627,1
43.9,24.8,0.322,0.183,1,0.088,0
18.1,34.8,0.202,0.092,0,0.133,0
3.0,33.3,0.046,0.159,3,0.177,0
16.8,37.3,0.565,0.255,4,0.294,0
17.7,31.3,0.434,0.204,2,0.19,0
58.9,33.7,0.384,0.31,2,0.229,0
45.7,43.3,0.216,0.348,1,0.34,0
98.2,30.6,0.09,0.32,3,0.384,0
28.8,18.9,0.794,0.2,11,0.402,0
5.7,52.5,0.698,0.294,2,0.809,1
56.2,48.8,0.744,0.265,6,0.871,1
64.4,22.1,0.745,0.199,3,0.234,0
37.1,41.9,0.406,0.183,3,0.423,0
66.3,30.0,0.262,0.23,1,0.162,0
30.6,37.6,0.31,0.25,2,0.314,0
33.3,37.9,0.239,0.156,4,0.272,0
25.1,32.7,0.26,0.23,4,0.207,0
1.2,27.2,0.484,0.094,3,0.16,0
5.1,28.1,0.179,0.05,2,0.083,0
1.4,25.8,0.426,0.178,0,0.146,0
45.5,26.7,0.132,0.268,3,0.11,0
17.0,34.3,0.392,0.231,2,0.281,0
32.0,27.8,0.401,0.171,2,0.13,0
107.2,41.8,0.715,0.338,3,0.841,1
12.9,49.9,0.157,0.212,2,0.375,0
23.8,29.2,0.254,0.327,4,0.234,0
63.4,37.4,0.278,0.299,1,0.25,0
11.7,40.0,0.565,0.211,1,0.331,0
3.6,39.7,0.496,0.133,2,0.294,0
15.4,35.8,0.512,0.062,1,0.145,0
7.9,42.4,0.428,0.246,2,0.31,0
119.5,39.8,0.183,0.501,2,0.628,1
74.3,22.6,0.254,0.38,1,0.14,0
45.2,43.7,0.527,0.241,4,0.573,1
92.3,43.9,0.46,0.413,2,0.653,1
73.3,27.4,0.299,0.392,2,0.208,0
9.3,35.4,0.076,0.301,0,0.13,0
100.4,41.8,0.188,0.463,2,0.542,1
34.9,32.9,0.528,0.236,4,0.302,0
74.1,45.7,0.211,0.218,1,0.342,0
101.9,58.6,0.71,0.4,2,0.947,1
17.2,27.1,0.876,0.211,3,0.337,0
5.2,21.2,0.347,0.219,5,0.184,0
11.6,38.0,0.581,0.285,1,0.31,0
25.1,42.2,0.475,0.201,3,0.39,0
76.7,32.7,0.561,0.497,3,0.459,0
88.7,49.5,0.78,0.216,5,0.887,1
0.3,21.6,0.379,0.184,1,0.127,0
32.2,41.9,0.021,0.161,0,0.195,0
24.3,28.9,0.523,0.054,4,0.156,0
11.3,52.2,0.674,0.16,3,0.715,1
5.7,54.9,0.094,0.05,2,0.317,0
18.5,27.3,0.768,0.18,6,0.379,0
128.8,29.5,0.83,0.453,5,0.858,1
17.6,43.6,0.567,0.28,2,0.434,0
32.9,31.1,0.12,0.106,1,0.129,0
54.6,34.5,0.426,0.35,1,0.185,0
20.3,35.3,0.215,0.205,1,0.214,0
160.6,15.8,0.616,0.607,2,0.611,1
147.7,34.9,0.171,0.46,2,0.733,1
13.1,28.1,0.674,0.074,5,0.33,0
30.9,30.1,0.368,0.125,5,0.197,0
16.1,49.4,0.343,0.084,0,0.349,0
15.1,22.4,0.268,0.223,5,0.24,0
1.7,43.1,0.311,0.272,0,0.203,0
42.3,32.2,0.351,0.204,3,0.227,0
31.4,32.2,0.058,0.274,1,0.136,0
2.4,42.9,0.563,0.05,1,0.334,0
14.7,38.4,0.309,0.199,3,0.176,0
107.5,40.7,0.561,0.454,1,0.771,1
12.3,44.7,0.591,0.063,4,0.456,0
7.0,31.7,0.59,0.15,3,0.285,0
30.3,28.9,0.488,0.278,3,0.228,0
191.0,24.1,0.487,0.361,5,0.788,1
12.5,26.7,0.68,0.286,6,0.245,0
50.2,60.0,0.485,0.295,1,0.836,1
64.5,47.4,0.477,0.358,1,0.607,1
12.2,21.5,0.523,0.145,1,0.127,0
58.6,21.8,0.822,0.149,5,0.232,0
20.6,39.8,0.821,0.241,4,0.598,1
45.0,40.5,0.103,0.248,0,0.171,0
45.2,40.5,0.661,0.258,1,0.387,0
34.5,32.5,0.166,0.318,2,0.133,0
4.3,33.7,0.406,0.221,4,0.296,0
81.2,38.3,0.176,0.493,1,0.411,0
17.4,35.9,0.286,0.203,3,0.325,0
9.3,12.8,0.095,0.116,2,0.02,0
1.9,32.7,0.589,0.139,9,0.489,0
40.2,26.5,0.542,0.277,4,0.285,0
50.9,36.8,0.853,0.35,6,0.677,1
0.8,60.0,0.559,0.05,2,0.725,1
32.3,38.7,0.098,0.226,2,0.177,0
11.6,31.9,0.633,0.306,2,0.254,0
46.6,44.2,0.234,0.24,2,0.348,0
8.6,39.8,0.435,0.245,1,0.331,0
52.8,39.2,0.159,0.313,1,0.296,0
22.0,41.1,0.763,0.278,3,0.501,1
124.2,55.6,0.255,0.375,7,0.915,1
6.7,23.7,0.247,0.101,0,0.141,0
18.8,39.7,0.704,0.195,4,0.459,0
5.4,25.7,0.284,0.05,1,0.106,0
116.4,40.6,0.68,0.4,4,0.777,1
94.4,25.8,0.373,0.391,2,0.362,0
13.4,30.8,0.311,0.324,1,0.093,0
48.5,32.0,0.099,0.295,1,0.103,0
76.5,44.8,0.622,0.378,1,0.687,1
36.5,44.2,0.803,0.328,9,0.938,1
33.9,22.5,0.412,0.152,2,0.124,0
12.5,35.5,0.752,0.166,5,0.447,0
4.4,27.9,0.217,0.354,1,0.176,0
102.4,22.4,0.469,0.383,0,0.282,0
103.8,32.8,0.265,0.482,5,0.556,1
45.1,31.9,0.678,0.332,6,0.451,0
18.6,59.3,0.301,0.075,5,0.644,1
19.3,39.3,0.46,0.22,1,0.284,0
58.3,21.2,0.612,0.298,2,0.183,0
102.3,29.4,0.741,0.415,6,0.673,1
98.2,45.2,0.758,0.319,1,0.761,1
68.1,55.9,0.078,0.22,1,0.495,0
46.2,19.1,0.586,0.22,3,0.19,0
4.0,16.2,0.417,0.151,2,0.134,0
7.9,53.7,0.439,0.263,2,0.618,1
103.0,38.9,0.497,0.536,4,0.714,1
42.0,26.3,0.172,0.36,6,0.224,0
0.4,40.3,0.545,0.22,2,0.385,0
4.8,10.0,0.249,0.081,4,0.098,0
49.0,35.0,0.136,0.232,0,0.18,0
0.2,38.3,0.599,0.167,4,0.397,0
7.9,44.2,0.615,0.118,1,0.368,0
35.8,24.9,0.661,0.28,3,0.183,0
53.0,35.9,0.343,0.331,4,0.313,0
47.5,25.7,0.74,0.304,4,0.357,0
11.4,37.6,0.469,0.259,2,0.261,0
56.0,26.0,0.666,0.208,2,0.212,0
12.2,30.9,0.656,0.253,2,0.211,0
17.7,25.0,0.301,0.136,2,0.083,0
61.8,41.5,0.294,0.219,4,0.379,0
47.2,43.6,0.454,0.303,3,0.545,1
85.1,32.7,0.789,0.446,3,0.63,1
48.2,35.4,0.366,0.302,3,0.282,0
37.8,20.5,0.446,0.24,1,0.163,0
4.4,32.0,0.507,0.185,3,0.232,0
20.6,34.5,0.299,0.209,2,0.26,0
13.9,60.0,0.722,0.092,5,0.99,1
12.6,23.9,0.298,0.08,2,0.162,0
162.6,49.6,0.54,0.523,4,0.972,1
22.5,45.0,0.564,0.209,4,0.559,1
100.2,37.8,0.596,0.385,1,0.59,1
44.9,52.6,0.495,0.309,1,0.583,1
71.3,38.7,0.234,0.299,1,0.275,0
31.4,38.9,0.734,0.268,3,0.457,0
38.7,34.5,0.018,0.229,0,0.114,0
30.5,47.2,0.382,0.367,0,0.491,0
9.8,46.0,0.457,0.179,1,0.411,0
57.7,28.7,0.489,0.472,4,0.353,0
14.8,21.8,0.294,0.213,6,0.233,0
1.1,33.0,0.533,0.135,3,0.168,0
46.7,27.0,0.516,0.187,2,0.221,0
8.8,34.4,0.594,0.055,5,0.356,0
126.9,47.4,0.589,0.367,2,0.797,1
138.5,30.4,0.529,0.403,3,0.737,1
110.9,34.6,0.629,0.44,8,0.768,1
20.8,35.6,0.495,0.156,2,0.169,0
0.7,43.5,0.234,0.167,4,0.39,0
118.6,12.5,0.208,0.529,0,0.195,0
25.2,28.9,0.474,0.202,3,0.183,0
153.0,37.1,0.219,0.673,3,0.851,1
149.1,47.0,0.06,0.404,1,0.772,1
86.3,30.1,0.713,0.339,4,0.503,1
15.7,16.2,0.804,0.143,6,0.204,0
21.9,41.2,0.239,0.276,3,0.33,0
85.7,28.6,0.315,0.171,3,0.279,0
17.2,23.1,0.257,0.075,3,0.136,0
8.4,28.8,0.478,0.161,3,0.177,0
36.6,33.2,0.234,0.36,4,0.289,0
123.8,29.0,0.299,0.457,2,0.539,1
53.6,12.9,0.569,0.167,1,0.174,0
38.0,44.0,0.164,0.143,2,0.261,0
4.6,47.7,0.402,0.295,3,0.496,0
43.0,41.5,0.141,0.201,1,0.244,0
207.5,23.6,0.19,0.559,2,0.698,1
6.8,33.0,0.123,0.284,1,0.112,0
32.9,34.9,0.409,0.308,4,0.328,0
94.4,41.0,0.395,0.472,0,0.421,0
60.8,41.7,0.043,0.216,4,0.33,0
53.7,27.7,0.368,0.153,1,0.201,0
54.6,35.8,0.122,0.288,2,0.205,0
20.0,39.6,0.783,0.224,4,0.559,1
15.6,49.6,0.59,0.216,3,0.604,1
74.6,42.0,0.536,0.442,4,0.62,1
74.8,42.9,0.595,0.186,3,0.596,1
90.8,35.8,0.342,0.431,2,0.401,0
110.0,49.1,0.576,0.319,1,0.838,1
32.2,39.1,0.228,0.294,0,0.224,0
31.3,26.4,0.382,0.185,4,0.167,0
72.0,49.0,0.18,0.253,3,0.523,1
47.2,42.0,0.866,0.211,3,0.627,1
54.5,30.6,0.067,0.161,1,0.169,0
71.5,30.2,0.179,0.32,5,0.268,0
99.3,38.0,0.216,0.32,3,0.477,0
18.6,39.6,0.775,0.256,2,0.478,0
21.2,37.0,0.363,0.251,3,0.329,0
4.4,38.1,0.229,0.295,2,0.247,0
38.9,52.0,0.529,0.27,3,0.737,1
1.6,45.7,0.758,0.195,3,0.65,1
28.2,36.9,0.365,0.328,2,0.3,0
35.2,44.4,0.137,0.182,1,0.242,0
15.2,24.7,0.165,0.066,2,0.156,0
40.2,39.0,0.63,0.26,6,0.539,1
1.4,53.1,0.579,0.05,4,0.573,1
1.7,32.8,0.257,0.35,3,0.219,0
77.8,26.5,0.328,0.448,1,0.248,0
20.1,28.5,0.478,0.37,4,0.199,0
6.1,24.1,0.562,0.169,4,0.161,0
33.2,27.2,0.508,0.272,2,0.144,0
66.1,31.3,0.579,0.268,3,0.369,0
10.9,20.9,0.227,0.246,3,0.198,0
43.9,35.2,0.675,0.155,1,0.281,0
4.0,44.0,0.784,0.05,2,0.503,1
2.4,25.9,0.46,0.092,3,0.183,0
34.1,50.2,0.399,0.113,2,0.512,1
35.0,40.1,0.091,0.35,1,0.209,0
45.7,45.3,0.303,0.402,1,0.401,0
58.3,28.4,0.632,0.174,7,0.392,0
167.6,43.5,0.459,0.644,2,0.923,1
32.7,24.1,0.613,0.302,3,0.312,0
17.6,43.9,0.307,0.065,6,0.408,0
71.4,36.7,0.662,0.285,2,0.423,0
14.2,40.5,0.291,0.137,2,0.201,0
26.0,23.2,0.663,0.271,4,0.28,0
3.7,26.0,0.531,0.06,2,0.114,0
1.2,41.0,0.344,0.145,2,0.29,0
147.9,25.5,0.043,0.44,2,0.517,1
81.3,39.6,0.687,0.378,7,0.723,1
53.6,21.3,0.469,0.258,1,0.164,0
23.7,43.5,0.366,0.162,3,0.329,0
8.6,22.7,0.415,0.153,4,0.183,0
7.7,40.5,0.101,0.331,2,0.271,0
13.0,41.3,0.203,0.147,5,0.352,0
35.9,28.0,0.679,0.15,2,0.208,0
56.4,40.8,0.726,0.328,5,0.701,1
48.6,37.6,0.167,0.252,2,0.207,0
14.8,29.6,0.465,0.071,0,0.032,0
139.4,24.9,0.427,0.654,4,0.715,1
60.3,15.4,0.578,0.262,1,0.128,0
36.4,38.5,0.302,0.205,3,0.263,0
42.6,19.4,0.579,0.262,3,0.108,0
24.5,36.0,0.608,0.346,1,0.237,0
12.8,32.4,0.484,0.05,5,0.268,0
19.8,41.8,0.636,0.218,4,0.57,1
63.8,32.0,0.237,0.466,1,0.232,0
0.7,31.7,0.62,0.162,5,0.305,0
5.6,42.3,0.148,0.064,1,0.192,0
2.1,38.4,0.617,0.105,1,0.359,0
1.9,38.2,0.608,0.171,1,0.317,0
87.0,39.7,0.476,0.46,3,0.561,1
54.7,19.6,0.333,0.251,2,0.138,0
28.9,42.6,0.278,0.284,1,0.304,0
4.6,41.1,0.54,0.05,3,0.286,0
30.4,24.8,0.104,0.106,1,0.136,0
28.9,32.6,0.244,0.179,3,0.172,0
8.6,34.6,0.551,0.285,3,0.251,0
25.6,33.7,0.258,0.215,1,0.176,0
22.9,38.3,0.339,0.227,3,0.287,0
43.1,49.3,0.484,0.273,3,0.608,1
45.4,45.8,0.404,0.345,5,0.561,1
2.1,21.9,0.159,0.106,2,0.08,0
21.1,41.2,0.328,0.254,3,0.381,0
44.2,48.3,0.44,0.187,5,0.607,1
31.5,38.9,0.639,0.382,2,0.41,0
87.4,45.9,0.793,0.29,3,0.754,1
48.4,55.1,0.526,0.192,2,0.682,1
8.0,45.2,0.05,0.213,3,0.305,0
3.3,37.5,0.838,0.164,2,0.405,0
46.3,45.5,0.529,0.284,1,0.446,0
1.2,36.4,0.349,0.171,2,0.197,0
39.7,35.2,0.369,0.155,3,0.253,0
126.8,31.5,0.518,0.575,3,0.743,1
38.6,50.6,0.204,0.311,2,0.473,0
22.1,26.8,0.189,0.31,4,0.194,0
46.4,50.3,0.402,0.216,3,0.554,1
27.6,40.0,0.83,0.248,7,0.695,1
35.5,21.0,0.515,0.249,3,0.201,0
127.7,38.7,0.184,0.538,2,0.714,1
22.0,14.0,0.027,0.294,0,0.148,0
146.2,41.3,0.18,0.507,2,0.804,1
106.1,43.9,0.453,0.276,3,0.68,1
9.8,29.1,0.289,0.315,2,0.136,0
3.2,36.2,0.624,0.202,1,0.313,0
4.8,54.5,0.208,0.112,3,0.449,0
0.8,29.9,0.373,0.184,3,0.225,0
4.5,24.4,0.725,0.05,3,0.155,0
51.7,49.8,0.207,0.355,2,0.511,1
3.3,54.6,0.285,0.05,3,0.441,0
17.3,35.0,0.335,0.173,4,0.294,0
83.9,45.1,0.412,0.365,1,0.509,1
1.1,48.4,0.394,0.236,2,0.459,0
75.8,27.6,0.089,0.335,0,0.158,0
14.9,30.1,0.186,0.236,2,0.164,0
5.7,47.3,0.302,0.161,4,0.409,0
53.7,51.9,0.297,0.273,3,0.573,1
44.6,40.6,0.644,0.261,5,0.572,1
94.5,26.2,0.742,0.355,4,0.458,0
59.8,54.9,0.641,0.155,5,0.808,1
73.2,29.7,0.181,0.259,3,0.235,0
14.9,31.6,0.744,0.204,2,0.271,0
8.8,38.4,0.474,0.151,1,0.202,0
62.5,50.5,0.346,0.283,2,0.609,1
74.0,43.5,0.355,0.297,3,0.488,0
209.6,39.1,0.595,0.57,1,0.894,1
23.9,39.6,0.672,0.166,9,0.587,1
20.9,35.4,0.557,0.174,2,0.351,0
67.4,40.6,0.043,0.308,1,0.37,0
18.8,10.0,0.733,0.225,4,0.09,0
120.2,32.0,0.1,0.416,3,0.579,1
88.0,37.4,0.487,0.273,3,0.491,0
25.2,23.5,0.583,0.097,7,0.334,0
62.5,38.9,0.571,0.504,3,0.566,1
63.2,33.0,0.134,0.207,1,0.192,0
4.9,52.6,0.634,0.12,4,0.607,1
104.8,50.7,0.425,0.436,4,0.837,1
31.7,30.3,0.332,0.253,1,0.168,0
78.8,33.5,0.241,0.376,4,0.386,0
17.4,34.3,0.538,0.155,4,0.252,0
101.6,30.5,0.619,0.406,5,0.589,1
22.2,37.0,0.18,0.207,4,0.285,0
0.5,27.4,0.455,0.126,2,0.101,0
106.1,23.7,0.611,0.417,3,0.458,0
4.3,41.2,0.127,0.244,4,0.353,0
17.3,41.3,0.587,0.189,1,0.359,0
134.9,27.0,0.655,0.463,4,0.739,1
135.4,44.0,0.312,0.551,1,0.726,1
38.3,28.7,0.783,0.316,3,0.305,0
45.0,37.5,0.63,0.382,5,0.624,1
26.8,43.2,0.27,0.072,1,0.211,0
15.6,34.7,0.207,0.259,1,0.227,0
17.9,39.5,0.183,0.24,0,0.165,0
50.2,29.8,0.644,0.196,1,0.217,0
62.8,33.0,0.693,0.317,4,0.479,0
70.6,32.9,0.366,0.399,2,0.315,0
70.1,27.5,0.242,0.247,2,0.219,0
4.3,33.2,0.443,0.195,1,0.156,0
30.7,19.5,0.612,0.291,2,0.102,0
2.7,30.1,0.529,0.071,3,0.166,0
35.9,32.2,0.913,0.222,4,0.465,0
26.2,32.4,0.583,0.235,3,0.277,0
98.4,32.6,0.116,0.316,1,0.359,0
19.4,34.4,0.452,0.125,3,0.247,0
5.6,39.8,0.58,0.152,7,0.528,1
6.9,43.7,0.31,0.23,3,0.361,0
64.5,28.5,0.432,0.352,4,0.262,0
43.3,23.0,0.069,0.182,3,0.141,0
4.8,24.6,0.321,0.213,0,0.109,0
4.0,30.1,0.25,0.092,2,0.177,0
54.3,31.5,0.272,0.148,0,0.109,0
3.4,27.3,0.409,0.129,3,0.089,0
77.6,22.0,0.539,0.421,7,0.411,0
55.1,30.4,0.083,0.331,1,0.183,0
3.8,36.8,0.833,0.159,4,0.476,0
4.0,41.0,0.596,0.126,0,0.282,0
194.2,29.4,0.75,0.572,7,0.962,1
21.1,30.9,0.251,0.208,0,0.114,0
20.8,25.7,0.65,0.113,2,0.164,0
75.4,34.7,0.538,0.298,3,0.421,0
132.4,26.5,0.346,0.442,1,0.46,0
192.1,40.7,0.272,0.49,0,0.8,1
63.0,17.1,0.197,0.23,1,0.108,0
21.2,31.4,0.524,0.232,5,0.378,0
3.9,38.0,0.312,0.16,1,0.19,0
67.6,36.8,0.888,0.283,4,0.679,1
36.8,60.0,0.438,0.163,3,0.835,1
24.8,38.5,0.053,0.334,0,0.146,0
106.6,25.0,0.358,0.332,1,0.378,0
5.3,34.0,0.307,0.183,3,0.289,0
30.5,17.2,0.33,0.182,1,0.092,0
0.5,34.2,0.808,0.154,3,0.35,0
28.5,26.7,0.546,0.253,5,0.334,0
2.6,44.2,0.46,0.05,3,0.378,0
5.7,29.5,0.432,0.163,2,0.177,0
5.6,33.8,0.277,0.258,1,0.235,0
47.1,28.6,0.589,0.401,4,0.381,0
61.7,52.4,0.278,0.284,5,0.673,1
39.4,31.8,0.633,0.245,3,0.318,0
147.4,53.3,0.193,0.671,6,0.99,1
21.1,43.1,0.475,0.29,5,0.519,1
15.1,39.8,0.198,0.136,3,0.193,0
91.3,38.7,0.583,0.314,4,0.594,1
11.4,38.9,0.728,0.253,3,0.417,0
148.6,15.7,0.401,0.416,3,0.537,1
0.6,32.2,0.491,0.238,5,0.26,0
157.6,43.5,0.719,0.545,2,0.957,1
2.0,34.5,0.589,0.196,2,0.339,0
99.8,20.9,0.241,0.362,6,0.455,0
33.8,34.5,0.342,0.178,1,0.117,0
223.1,52.0,0.727,0.787,3,0.944,1
3.4,47.5,0.346,0.138,2,0.332,0
36.3,34.4,0.508,0.202,2,0.212,0
156.8,44.5,0.328,0.509,1,0.789,1
33.3,31.3,0.402,0.243,4,0.262,0
44.7,18.0,0.768,0.172,6,0.276,0
53.5,25.8,0.272,0.23,3,0.224,0
27.3,50.6,0.406,0.164,3,0.503,1
44.4,32.3,0.347,0.321,1,0.195,0
39.5,32.6,0.689,0.171,2,0.301,0
104.1,32.0,0.335,0.253,5,0.517,1
2.1,54.0,0.741,0.05,4,0.808,1
14.8,51.3,0.707,0.067,4,0.713,1
135.2,57.2,0.168,0.574,4,0.944,1
99.4,33.4,0.302,0.383,0,0.281,0
27.4,38.0,0.307,0.254,4,0.379,0
43.6,19.8,0.398,0.295,1,0.092,0
14.6,49.8,0.252,0.189,0,0.343,0
9.4,23.3,0.162,0.166,2,0.039,0
28.0,37.2,0.694,0.299,4,0.478,0
19.6,24.0,0.373,0.207,6,0.232,0
39.4,29.1,0.716,0.354,4,0.368,0
3.6,26.6,0.165,0.208,2,0.253,0
164.9,28.9,0.698,0.485,3,0.794,1
192.8,29.6,0.443,0.56,0,0.752,1
53.9,29.5,0.262,0.218,3,0.233,0
34.6,43.3,0.562,0.328,5,0.57,1
16.7,24.0,0.278,0.156,1,0.143,0
75.6,37.2,0.729,0.263,3,0.544,1
51.9,47.2,0.498,0.297,5,0.695,1
8.0,29.9,0.304,0.161,1,0.219,0
108.8,27.8,0.344,0.427,2,0.43,0
77.8,32.7,0.487,0.483,3,0.419,0
134.6,46.8,0.346,0.537,3,0.927,1
58.2,36.9,0.711,0.288,2,0.508,1
42.8,29.7,0.634,0.137,2,0.193,0
24.4,39.8,0.774,0.167,4,0.508,1
121.5,24.0,0.397,0.49,3,0.535,1
90.5,41.8,0.483,0.267,2,0.545,1
2.1,39.1,0.042,0.326,0,0.137,0
1.2,31.9,0.169,0.154,1,0.159,0
21.3,26.6,0.464,0.204,5,0.265,0
74.9,26.1,0.552,0.271,4,0.306,0
196.4,40.3,0.341,0.648,3,0.902,1
7.3,47.3,0.435,0.074,6,0.493,0
40.6,28.6,0.281,0.418,1,0.13,0
21.6,39.6,0.341,0.306,1,0.248,0
157.7,14.1,0.18,0.597,0,0.41,0
83.1,29.2,0.744,0.233,4,0.397,0
82.0,34.7,0.495,0.358,4,0.469,0
28.5,25.9,0.409,0.313,2,0.174,0
24.1,25.6,0.179,0.254,1,0.169,0
14.4,28.3,0.373,0.103,1,0.121,0
2.6,37.9,0.154,0.104,4,0.188,0
90.0,33.1,0.519,0.324,3,0.451,0
75.4,12.6,0.499,0.278,5,0.182,0
320.0,13.8,0.36,0.99,3,0.675,1
256.3,28.9,0.251,0.594,0,0.673,1
36.5,39.6,0.953,0.288,4,0.631,1
65.9,10.0,0.252,0.2,2,0.25,0
130.3,30.0,0.416,0.377,3,0.631,1
85.3,29.7,0.643,0.188,3,0.388,0
12.8,48.9,0.313,0.136,5,0.428,0
26.9,31.1,0.769,0.334,6,0.422,0
6.2,38.8,0.187,0.186,2,0.214,0
138.6,36.4,0.126,0.378,3,0.692,1
41.9,13.7,0.5,0.329,2,0.139,0
11.7,42.7,0.302,0.276,4,0.397,0
50.1,37.2,0.735,0.275,7,0.585,1
43.3,40.1,0.166,0.414,1,0.175,0
20.0,60.0,0.385,0.262,2,0.783,1
5.4,14.2,0.693,0.217,3,0.103,0
50.1,52.2,0.228,0.203,5,0.548,1
33.1,32.1,0.464,0.277,2,0.269,0
66.6,37.9,0.116,0.323,0,0.167,0
33.0,34.5,0.177,0.269,3,0.254,0
86.0,30.8,0.476,0.296,1,0.255,0
36.1,29.3,0.182,0.245,4,0.215,0
37.0,38.3,0.452,0.171,3,0.355,0
94.2,19.8,0.205,0.198,4,0.254,0
23.2,42.5,0.666,0.284,5,0.678,1
6.5,30.8,0.382,0.05,1,0.218,0
1.3,23.7,0.428,0.162,0,0.113,0
63.3,30.5,0.452,0.324,4,0.35,0
43.6,47.6,0.287,0.278,2,0.475,0
54.8,29.6,0.584,0.255,6,0.409,0
10.8,38.6,0.726,0.197,1,0.381,0
6.6,27.7,0.284,0.203,4,0.17,0
0.7,42.6,0.391,0.21,5,0.359,0
19.4,41.9,0.236,0.334,1,0.222,0
40.1,53.5,0.043,0.262,2,0.549,1
22.4,33.2,0.292,0.207,2,0.207,0
25.9,41.7,0.668,0.138,4,0.476,0
105.5,36.0,0.418,0.431,2,0.61,1
19.3,48.0,0.111,0.248,3,0.345,0
32.5,27.8,0.521,0.21,4,0.266,0
68.9,42.5,0.643,0.354,2,0.602,1
22.7,33.1,0.266,0.18,1,0.182,0
43.8,34.4,0.089,0.306,2,0.192,0
89.2,35.9,0.3,0.431,2,0.384,0
134.4,37.5,0.596,0.535,5,0.846,1
7.2,33.8,0.245,0.176,1,0.13,0
117.5,37.1,0.332,0.341,2,0.593,1
30.5,50.8,0.494,0.172,0,0.408,0
13.4,44.9,0.319,0.229,1,0.263,0
27.7,43.7,0.378,0.41,5,0.545,1
176.1,30.4,0.594,0.534,6,0.879,1
30.5,26.1,0.19,0.258,3,0.171,0
17.9,44.6,0.04,0.147,3,0.272,0
45.2,43.8,0.305,0.177,3,0.467,0
12.4,49.7,0.323,0.125,4,0.474,0
3.6,29.0,0.522,0.05,5,0.222,0
6.2,32.7,0.459,0.273,2,0.231,0
6.2,18.6,0.249,0.05,2,0.137,0
7.4,31.1,0.18,0.146,1,0.132,0
6.7,45.0,0.516,0.071,1,0.353,0
46.1,30.3,0.074,0.187,2,0.177,0
9.0,41.4,0.266,0.281,3,0.31,0
19.1,33.1,0.144,0.211,3,0.2,0
102.2,38.2,0.228,0.311,2,0.54,1
28.9,23.5,0.119,0.17,1,0.114,0
49.6,35.9,0.152,0.204,1,0.153,0
8.5,10.0,0.184,0.166,0,0.044,0
9.6,33.1,0.578,0.186,0,0.108,0
1.9,18.7,0.277,0.306,0,0.089,0
8.3,47.1,0.255,0.05,2,0.346,0
14.7,42.8,0.278,0.182,2,0.232,0
8.8,39.7,0.603,0.145,3,0.375,0
4.2,50.2,0.175,0.235,4,0.506,1
5.8,25.5,0.563,0.192,2,0.21,0
27.8,52.5,0.578,0.262,5,0.834,1
10.4,44.3,0.619,0.202,5,0.501,1
20.4,32.6,0.152,0.123,4,0.224,0
31.5,46.4,0.119,0.32,4,0.361,0
52.8,23.9,0.298,0.337,2,0.125,0
1.8,26.8,0.51,0.227,6,0.308,0
72.3,28.9,0.19,0.42,0,0.194,0
44.5,29.7,0.076,0.287,2,0.197,0
3.8,24.4,0.408,0.277,2,0.111,0
93.1,47.2,0.195,0.397,4,0.733,1
114.2,32.4,0.54,0.399,4,0.683,1
2.8,38.5,0.648,0.156,3,0.407,0
14.6,29.3,0.207,0.182,4,0.15,0
73.8,16.8,0.255,0.281,3,0.214,0
62.1,37.7,0.298,0.425,4,0.403,0
9.2,15.9,0.508,0.195,2,0.08,0
10.6,34.3,0.292,0.182,2,0.22,0
20.8,21.3,0.74,0.23,3,0.215,0
29.8,54.9,0.203,0.458,1,0.58,1
43.3,44.1,0.498,0.161,2,0.486,0
20.7,36.1,0.698,0.131,7,0.567,1
27.9,47.6,0.449,0.105,1,0.397,0
61.9,26.5,0.224,0.276,2,0.199,0
1.7,40.4,0.057,0.174,1,0.197,0
13.1,37.0,0.633,0.143,1,0.212,0
56.2,37.6,0.347,0.238,1,0.268,0
101.5,47.7,0.31,0.398,2,0.71,1
32.3,42.3,0.904,0.185,4,0.683,1
34.2,37.9,0.588,0.255,1,0.308,0
5.1,18.5,0.446,0.251,5,0.075,0
26.7,25.4,0.39,0.266,2,0.114,0
34.2,33.8,0.49,0.3,4,0.369,0
12.5,35.9,0.279,0.266,1,0.268,0
14.1,23.7,0.151,0.206,1,0.067,0
21.3,59.1,0.618,0.187,3,0.877,1
0.9,50.2,0.421,0.09,2,0.472,0
17.5,41.0,0.209,0.16,2,0.222,0
10.7,35.7,0.478,0.133,5,0.353,0
17.9,32.9,0.11,0.25,1,0.151,0
5.7,25.5,0.636,0.191,4,0.274,0
99.5,35.8,0.673,0.438,5,0.684,1
40.5,37.6,0.443,0.152,5,0.325,0
51.1,22.6,0.192,0.384,2,0.161,0
70.1,38.3,0.171,0.279,2,0.307,0
31.1,33.4,0.562,0.134,3,0.268,0
4.1,15.9,0.607,0.124,3,0.145,0
34.7,26.4,0.835,0.43,1,0.248,0
39.8,30.9,0.427,0.212,3,0.179,0
61.6,53.9,0.31,0.268,1,0.573,1
25.4,40.6,0.378,0.194,3,0.309,0
6.1,21.6,0.308,0.152,6,0.181,0
15.0,39.9,0.169,0.123,3,0.291,0
20.3,19.5,0.498,0.209,4,0.193,0
46.7,45.8,0.392,0.345,2,0.498,0
38.1,30.3,0.556,0.264,2,0.247,0
19.8,34.1,0.321,0.107,2,0.17,0
193.8,48.3,0.291,0.575,1,0.885,1
41.9,22.1,0.623,0.204,4,0.164,0
12.2,21.0,0.327,0.183,2,0.089,0
4.8,29.2,0.242,0.268,1,0.14,0
7.5,45.4,0.528,0.156,1,0.33,0
12.7,19.8,0.404,0.173,1,0.108,0
7.9,10.0,0.716,0.311,1,0.073,0
9.3,30.5,0.53,0.242,0,0.152,0
15.1,40.5,0.307,0.231,2,0.324,0
8.6,47.0,0.134,0.327,2,0.256,0
102.2,30.4,0.36,0.428,2,0.409,0
3.8,30.9,0.574,0.05,3,0.119,0
33.5,46.5,0.336,0.295,1,0.399,0
23.8,16.3,0.483,0.078,4,0.164,0
181.7,31.1,0.506,0.61,4,0.799,1
5.3,36.9,0.445,0.05,4,0.225,0
22.8,39.5,0.372,0.166,1,0.17,0
157.0,29.9,0.423,0.487,2,0.717,1
90.3,35.3,0.252,0.299,1,0.321,0
76.4,10.1,0.379,0.3,3,0.131,0
13.4,28.4,0.157,0.264,3,0.154,0
8.4,39.5,0.715,0.113,3,0.37,0
49.7,25.2,0.279,0.31,1,0.191,0
119.3,35.6,0.647,0.351,3,0.742,1
36.6,39.5,0.802,0.22,6,0.6,1
38.1,31.6,0.721,0.265,5,0.386,0
14.8,36.7,0.182,0.105,3,0.175,0
66.0,25.4,0.329,0.199,1,0.218,0
9.3,32.9,0.346,0.211,2,0.225,0
17.6,41.1,0.407,0.281,3,0.363,0
24.9,36.6,0.683,0.202,2,0.415,0
31.9,29.1,0.322,0.188,2,0.227,0
12.5,37.2,0.387,0.192,3,0.265,0
5.5,42.1,0.538,0.167,4,0.413,0
42.4,14.5,0.532,0.268,4,0.134,0
15.3,46.6,0.508,0.05,1,0.307,0
39.2,31.6,0.25,0.156,1,0.227,0
7.5,39.3,0.167,0.1,1,0.138,0
29.5,47.0,0.291,0.231,2,0.42,0
34.2,21.3,0.538,0.245,3,0.196,0
2.4,27.9,0.427,0.206,4,0.2,0
18.5,32.1,0.403,0.214,4,0.328,0
6.5,27.2,0.302,0.061,2,0.071,0
2.9,52.3,0.771,0.273,6,0.891,1
207.1,26.4,0.732,0.735,2,0.828,1
17.5,29.4,0.366,0.09,6,0.293,0
74.7,37.0,0.14,0.351,2,0.327,0
13.2,23.0,0.904,0.133,3,0.164,0
51.5,31.0,0.926,0.281,7,0.679,1
64.3,38.2,0.688,0.384,11,0.829,1
40.7,31.7,0.318,0.415,2,0.192,0
28.7,34.1,0.39,0.277,6,0.348,0
23.9,29.7,0.578,0.229,4,0.224,0
19.3,19.9,0.345,0.168,3,0.123,0
119.4,38.2,0.461,0.443,1,0.672,1
79.9,52.5,0.173,0.445,4,0.723,1
150.9,35.2,0.618,0.499,3,0.832,1
6.0,37.3,0.549,0.093,2,0.196,0
59.1,41.9,0.355,0.158,4,0.422,0
125.4,22.3,0.146,0.484,2,0.346,0
9.0,52.0,0.275,0.191,4,0.533,1
3.1,37.0,0.182,0.106,2,0.113,0
60.8,51.3,0.568,0.374,6,0.854,1
38.4,27.7,0.363,0.206,1,0.15,0
83.0,53.2,0.589,0.333,2,0.862,1
6.8,42.8,0.1,0.164,1,0.245,0
71.4,40.5,0.583,0.288,5,0.649,1
10.1,37.3,0.458,0.193,3,0.23,0
8.0,32.5,0.514,0.261,2,0.234,0
8.1,47.0,0.215,0.077,3,0.403,0
75.8,36.4,0.372,0.366,2,0.379,0
49.2,15.3,0.353,0.279,2,0.081,0
33.3,23.8,0.573,0.24,2,0.168,0
20.0,33.1,0.152,0.266,0,0.126,0
94.4,38.1,0.174,0.374,2,0.384,0
22.4,34.4,0.166,0.241,3,0.25,0
76.3,47.2,0.147,0.385,2,0.524,1
26.0,15.5,0.158,0.17,1,0.027,0
21.3,36.4,0.374,0.224,0,0.19,0
28.0,16.8,0.436,0.195,0,0.061,0
16.1,42.6,0.149,0.177,1,0.16,0
62.0,34.1,0.377,0.269,2,0.219,0
31.4,39.2,0.443,0.261,1,0.237,0
11.9,26.4,0.586,0.184,2,0.175,0
103.4,47.8,0.076,0.423,3,0.656,1
21.8,45.4,0.45,0.199,0,0.295,0
35.3,40.8,0.447,0.104,3,0.313,0
106.6,33.7,0.387,0.401,3,0.573,1
44.0,40.8,0.239,0.258,1,0.277,0
5.6,27.9,0.155,0.182,1,0.16,0
126.5,43.6,0.116,0.398,1,0.654,1
44.5,51.5,0.547,0.158,2,0.671,1
18.4,45.7,0.13,0.243,2,0.322,0
6.7,27.7,0.151,0.144,0,0.082,0
71.1,38.6,0.419,0.33,3,0.439,0
43.5,22.1,0.051,0.229,2,0.071,0
34.3,40.7,0.505,0.23,0,0.282,0
100.9,39.5,0.276,0.35,3,0.571,1
69.9,16.3,0.544,0.236,1,0.16,0
7.4,23.4,0.24,0.205,3,0.124,0
16.8,32.2,0.34,0.141,4,0.338,0
12.9,32.0,0.462,0.193,2,0.2,0
61.3,22.9,0.687,0.326,5,0.249,0
1.5,38.9,0.264,0.107,3,0.289,0
38.0,37.5,0.229,0.142,1,0.219,0
64.7,33.1,0.165,0.495,0,0.226,0
94.2,27.4,0.374,0.328,10,0.594,1
18.8,45.5,0.571,0.244,1,0.467,0
77.5,51.6,0.523,0.486,0,0.841,1
5.3,30.2,0.556,0.226,3,0.247,0
84.3,28.9,0.594,0.323,4,0.365,0
6.1,39.9,0.254,0.159,2,0.097,0
22.8,31.4,0.023,0.137,1,0.142,0
71.8,33.6,0.26,0.388,1,0.226,0
7.3,42.4,0.562,0.212,4,0.463,0
11.7,15.9,0.186,0.136,1,0.046,0
57.6,48.2,0.556,0.201,3,0.576,1
57.3,35.7,0.364,0.178,4,0.292,0
46.1,30.9,0.394,0.337,1,0.179,0
53.3,34.1,0.557,0.284,5,0.45,0
35.2,34.6,0.28,0.249,2,0.243,0
13.1,17.7,0.697,0.115,2,0.075,0
19.1,49.9,0.405,0.077,1,0.338,0
9.0,35.4,0.754,0.248,7,0.57,1
107.6,39.4,0.403,0.404,2,0.662,1
39.4,44.5,0.262,0.315,0,0.346,0
23.1,24.8,0.576,0.173,1,0.105,0
27.9,39.7,0.416,0.196,5,0.435,0
132.4,32.3,0.127,0.516,2,0.522,1
7.5,43.5,0.722,0.226,4,0.59,1
39.7,13.7,0.452,0.306,5,0.177,0
31.7,34.0,0.699,0.2,6,0.372,0
42.5,29.0,0.425,0.298,4,0.345,0
0.8,39.3,0.209,0.241,2,0.291,0
92.6,39.7,0.45,0.358,3,0.604,1
121.0,27.9,0.481,0.391,4,0.564,1
37.5,27.9,0.241,0.345,2,0.171,0
53.7,33.9,0.291,0.223,1,0.237,0
115.1,26.0,0.362,0.469,3,0.442,0
55.3,43.4,0.701,0.274,2,0.579,1
7.4,31.3,0.076,0.05,1,0.154,0
38.6,10.0,0.34,0.33,6,0.09,0
42.0,31.3,0.637,0.05,6,0.36,0
24.8,24.6,0.136,0.05,1,0.03,0
60.0,18.7,0.945,0.332,5,0.298,0
122.6,22.6,0.586,0.478,4,0.558,1
116.9,36.1,0.16,0.372,3,0.59,1
27.0,48.3,0.395,0.225,2,0.426,0
5.4,38.1,0.233,0.05,3,0.221,0
188.5,28.9,0.236,0.646,1,0.677,1
82.2,39.6,0.416,0.362,2,0.45,0
6.0,30.4,0.056,0.16,2,0.189,0
114.1,28.1,0.07,0.418,0,0.286,0
91.8,23.5,0.425,0.404,4,0.383,0
32.9,17.5,0.295,0.225,5,0.16,0
40.3,31.1,0.453,0.094,1,0.149,0
22.9,36.6,0.391,0.379,6,0.379,0
2.5,34.0,0.219,0.252,2,0.145,0
18.4,30.8,0.502,0.09,2,0.158,0
73.1,25.5,0.438,0.293,3,0.25,0
0.2,41.1,0.882,0.132,2,0.56,1
18.3,21.8,0.276,0.279,3,0.131,0
22.9,42.8,0.17,0.05,3,0.247,0
34.7,25.0,0.585,0.191,4,0.221,0
113.6,27.5,0.365,0.274,2,0.438,0
19.1,20.3,0.191,0.172,4,0.166,0
19.2,30.0,0.429,0.157,3,0.147,0
60.2,44.8,0.459,0.297,4,0.557,1
27.1,40.2,0.38,0.165,2,0.329,0
11.4,44.8,0.49,0.117,5,0.423,0
27.1,40.2,0.254,0.263,1,0.249,0
6.8,24.0,0.59,0.202,4,0.198,0
8.7,31.7,0.474,0.214,3,0.212,0
31.0,27.2,0.154,0.208,1,0.189,0
24.4,48.3,0.509,0.161,4,0.557,1
110.8,23.0,0.282,0.399,2,0.417,0
20.3,43.9,0.917,0.237,4,0.776,1
39.1,43.9,0.274,0.067,4,0.364,0
45.0,53.3,0.17,0.287,6,0.641,1
0.6,30.9,0.244,0.176,3,0.159,0
49.0,42.1,0.354,0.269,0,0.311,0
8.8,57.8,0.313,0.159,3,0.669,1
146.1,28.8,0.498,0.286,0,0.595,1
7.2,19.6,0.122,0.132,2,0.114,0
24.1,16.2,0.193,0.349,0,0.024,0
4.0,42.1,0.385,0.16,3,0.297,0
259.6,16.2,0.129,0.731,4,0.696,1
31.4,31.3,0.561,0.225,1,0.133,0
40.7,39.4,0.206,0.273,1,0.251,0
3.1,36.9,0.302,0.21,3,0.246,0
62.4,39.3,0.131,0.277,2,0.319,0
10.6,37.2,0.112,0.209,2,0.214,0
102.7,47.8,0.653,0.524,2,0.864,1
10.3,25.5,0.312,0.255,4,0.157,0
9.5,28.2,0.206,0.359,3,0.162,0
1.7,27.3,0.563,0.101,3,0.212,0
28.7,43.3,0.864,0.351,2,0.628,1
37.4,44.0,0.33,0.174,3,0.373,0
3.1,39.5,0.584,0.185,2,0.302,0
67.2,46.8,0.604,0.365,1,0.657,1
27.2,23.2,0.451,0.173,3,0.174,0
33.4,51.7,0.322,0.235,2,0.444,0
26.2,50.2,0.789,0.284,2,0.789,1
23.0,42.4,0.169,0.147,1,0.228,0
36.9,52.8,0.692,0.37,6,0.908,1
7.6,18.4,0.309,0.057,1,0.081,0
9.0,29.8,0.276,0.326,2,0.129,0
89.1,27.6,0.12,0.438,0,0.177,0
131.4,42.2,0.315,0.45,3,0.738,1
21.0,24.5,0.177,0.167,2,0.146,0
14.2,42.6,0.625,0.143,5,0.508,1
46.5,48.7,0.45,0.248,3,0.564,1
23.6,42.0,0.493,0.201,4,0.36,0
1.2,37.8,0.288,0.253,2,0.239,0
7.6,25.1,0.562,0.325,2,0.207,0
56.6,26.5,0.195,0.298,2,0.099,0
48.4,47.5,0.258,0.195,2,0.371,0
1.2,42.8,0.225,0.109,1,0.158,0
11.3,34.6,0.519,0.162,1,0.197,0
11.8,30.8,0.235,0.095,3,0.135,0
50.1,14.7,0.512,0.173,2,0.13,0
0.9,24.3,0.036,0.32,0,0.1,0
4.9,54.1,0.761,0.186,0,0.818,1
72.4,22.2,0.303,0.252,1,0.155,0
8.9,36.9,0.554,0.236,2,0.315,0
47.6,45.1,0.034,0.167,2,0.258,0
12.2,22.5,0.079,0.091,2,0.06,0
4.7,36.8,0.763,0.097,5,0.481,0
12.5,44.4,0.163,0.312,1,0.334,0
57.6,35.1,0.478,0.264,2,0.335,0
87.1,60.0,0.621,0.158,3,0.937,1
79.8,18.3,0.185,0.433,0,0.097,0
22.8,45.6,0.693,0.179,1,0.548,1
49.6,33.3,0.45,0.118,4,0.308,0
10.3,42.7,0.547,0.149,3,0.483,0
15.6,39.4,0.307,0.228,1,0.188,0
102.0,27.7,0.175,0.42,0,0.315,0
0.6,37.3,0.526,0.295,5,0.44,0
4.0,16.4,0.609,0.091,3,0.108,0
10.5,41.0,0.472,0.178,6,0.514,1
1.2,38.0,0.764,0.097,5,0.486,0
9.0,41.4,0.575,0.05,4,0.345,0
39.4,45.6,0.748,0.313,4,0.73,1
24.6,38.7,0.779,0.245,3,0.466,0
100.4,36.5,0.622,0.407,2,0.602,1
76.5,26.2,0.506,0.363,6,0.431,0
18.8,27.9,0.164,0.139,0,0.144,0
13.5,46.9,0.874,0.101,7,0.821,1
21.5,49.4,0.228,0.203,2,0.361,0
40.2,32.6,0.346,0.337,1,0.223,0
14.0,35.5,0.236,0.311,2,0.25,0
44.0,26.0,0.36,0.316,2,0.097,0
23.7,46.7,0.174,0.208,2,0.332,0
36.1,41.7,0.486,0.256,4,0.446,0
25.8,54.4,0.342,0.211,1,0.575,1
15.7,26.2,0.426,0.105,3,0.181,0
133.4,31.2,0.556,0.463,8,0.865,1
64.9,37.3,0.083,0.195,0,0.173,0
6.8,41.5,0.521,0.156,4,0.404,0
91.3,32.8,0.284,0.494,2,0.434,0
30.1,26.3,0.319,0.286,2,0.157,0
101.2,43.8,0.396,0.312,6,0.763,1
72.4,42.2,0.206,0.313,2,0.325,0
24.9,25.8,0.394,0.141,3,0.164,0
1.0,48.6,0.459,0.147,1,0.323,0
14.1,46.7,0.441,0.266,1,0.395,0
35.1,36.3,0.265,0.284,2,0.245,0
45.2,35.8,0.304,0.454,2,0.325,0
13.4,40.5,0.07,0.277,1,0.17,0
6.8,26.4,0.19,0.182,4,0.185,0
81.1,35.3,0.12,0.393,1,0.346,0
187.2,13.5,0.552,0.571,1,0.51,1
33.6,43.8,0.234,0.138,4,0.289,0
8.5,19.4,0.393,0.274,6,0.209,0
14.3,50.0,0.388,0.264,1,0.419,0
0.8,31.7,0.311,0.133,4,0.181,0
110.6,32.9,0.161,0.43,3,0.537,1
5.6,28.7,0.294,0.262,1,0.219,0
38.7,32.1,0.647,0.308,5,0.366,0
14.4,49.2,0.554,0.067,2,0.439,0
36.4,10.1,0.688,0.254,3,0.094,0
47.4,47.8,0.738,0.247,4,0.735,1
79.7,38.4,0.334,0.425,3,0.543,1
10.4,22.9,0.65,0.257,4,0.194,0
0.5,24.2,0.298,0.257,2,0.119,0
6.6,51.8,0.411,0.076,0,0.446,0
103.6,25.5,0.371,0.329,0,0.307,0
93.2,23.5,0.511,0.457,3,0.395,0
40.9,46.4,0.639,0.198,7,0.686,1
41.3,38.4,0.359,0.125,4,0.294,0
49.2,25.6,0.399,0.307,3,0.164,0
8.7,37.2,0.331,0.126,5,0.334,0
110.6,24.7,0.395,0.551,2,0.477,0
24.4,46.0,0.432,0.231,3,0.436,0
21.7,45.6,0.506,0.214,0,0.354,0
32.9,40.3,0.2,0.197,0,0.186,0
2.2,38.6,0.223,0.282,3,0.209,0
8.2,52.6,0.604,0.198,4,0.707,1
60.3,35.0,0.447,0.258,2,0.331,0
3.9,23.2,0.313,0.096,4,0.118,0
41.6,39.5,0.778,0.241,6,0.651,1
12.7,55.9,0.059,0.101,2,0.361,0
22.2,24.9,0.367,0.284,5,0.214,0
15.3,31.4,0.345,0.05,0,0.102,0
19.8,39.2,0.588,0.185,6,0.435,0
57.1,34.5,0.394,0.332,4,0.387,0
15.9,25.2,0.369,0.214,1,0.162,0
37.6,46.2,0.533,0.18,2,0.429,0
29.1,58.2,0.157,0.271,1,0.579,1
49.0,37.0,0.412,0.194,5,0.378,0
124.3,26.0,0.406,0.438,2,0.435,0
59.4,19.5,0.667,0.341,3,0.155,0
10.9,37.6,0.822,0.212,4,0.574,1
1.4,46.0,0.656,0.099,5,0.538,1
13.7,39.8,0.317,0.278,1,0.303,0
40.7,35.0,0.199,0.252,3,0.187,0
2.4,29.1,0.26,0.215,3,0.203,0
30.9,24.1,0.235,0.344,3,0.151,0
40.9,43.3,0.145,0.335,2,0.316,0
18.3,44.1,0.639,0.282,2,0.593,1
66.3,19.5,0.599,0.32,3,0.16,0
5.1,50.9,0.383,0.225,3,0.56,1
3.5,40.7,0.332,0.175,3,0.32,0
58.6,49.0,0.542,0.19,0,0.644,1
30.8,21.6,0.379,0.246,5,0.152,0
52.5,21.3,0.312,0.293,4,0.162,0
25.7,33.5,0.323,0.257,4,0.3,0
12.7,40.0,0.637,0.169,0,0.293,0
76.9,53.0,0.218,0.269,1,0.557,1
72.3,42.1,0.594,0.371,3,0.653,1
53.4,32.6,0.467,0.17,3,0.259,0
14.3,24.7,0.758,0.3,2,0.183,0
40.1,47.3,0.293,0.225,0,0.361,0
20.2,25.4,0.148,0.217,2,0.145,0
4.3,51.3,0.448,0.205,3,0.558,1
112.2,32.2,0.189,0.459,0,0.387,0
6.6,50.9,0.178,0.053,3,0.329,0
135.0,41.8,0.692,0.531,3,0.946,1
26.6,33.6,0.689,0.236,2,0.297,0
9.2,29.8,0.367,0.121,3,0.152,0
35.1,31.6,0.372,0.172,3,0.168,0
92.8,39.3,0.372,0.34,1,0.474,0
59.3,35.8,0.553,0.184,4,0.369,0
73.9,29.1,0.294,0.46,3,0.219,0
48.4,33.3,0.024,0.382,0,0.112,0
53.0,35.8,0.152,0.31,3,0.26,0
85.1,13.7,0.235,0.331,1,0.131,0
12.9,39.6,0.303,0.164,4,0.296,0
30.2,25.2,0.549,0.281,2,0.167,0
11.3,23.5,0.671,0.317,4,0.176,0
197.8,18.1,0.236,0.566,3,0.596,1
129.8,17.1,0.382,0.363,3,0.487,0
1.8,21.4,0.591,0.278,0,0.156,0
55.0,27.9,0.245,0.135,2,0.19,0
116.7,54.5,0.652,0.342,1,0.963,1
9.0,29.7,0.141,0.151,1,0.161,0
37.8,36.8,0.367,0.113,2,0.187,0
111.2,39.0,0.361,0.498,1,0.614,1
1.6,36.3,0.524,0.222,1,0.203,0
53.8,34.2,0.169,0.23,1,0.147,0
15.9,23.0,0.624,0.289,4,0.233,0
116.2,49.5,0.496,0.537,2,0.936,1
159.4,53.1,0.457,0.513,3,0.961,1
129.9,18.2,0.318,0.417,3,0.517,1
28.9,24.8,0.444,0.398,2,0.185,0
89.1,32.2,0.562,0.416,4,0.491,0
83.8,25.4,0.564,0.366,2,0.257,0
17.3,40.1,0.313,0.299,2,0.334,0
79.5,27.7,0.212,0.36,1,0.221,0
1.7,56.7,0.243,0.114,2,0.542,1
40.8,46.9,0.57,0.252,2,0.442,0
11.8,37.1,0.339,0.261,3,0.288,0
5.8,45.3,0.17,0.05,2,0.228,0
3.6,46.1,0.525,0.135,3,0.395,0
53.6,29.4,0.513,0.386,2,0.259,0
18.7,26.8,0.312,0.153,2,0.188,0
58.1,35.8,0.136,0.409,2,0.357,0
3.0,43.6,0.87,0.27,2,0.687,1
17.0,36.4,0.374,0.185,2,0.205,0
34.9,19.2,0.486,0.186,3,0.114,0
70.4,27.0,0.347,0.291,3,0.285,0
17.3,34.3,0.224,0.403,1,0.16,0
44.2,34.2,0.473,0.403,1,0.302,0
97.7,54.7,0.167,0.388,3,0.809,1
43.1,21.1,0.487,0.202,3,0.171,0
11.9,40.1,0.759,0.187,2,0.386,0
1.1,49.9,0.354,0.172,4,0.491,0
91.8,57.7,0.26,0.265,2,0.741,1
1.0,31.0,0.188,0.159,4,0.172,0
93.5,39.9,0.298,0.474,3,0.603,1
33.9,40.7,0.336,0.085,1,0.279,0
125.9,37.0,0.683,0.51,4,0.863,1
72.2,34.0,0.469,0.428,4,0.423,0
278.2,39.4,0.554,0.754,0,0.976,1
19.4,10.0,0.263,0.331,4,0.083,0
65.6,41.8,0.398,0.248,2,0.356,0
23.1,36.3,0.479,0.239,4,0.367,0
29.4,32.8,0.058,0.194,1,0.163,0
44.4,55.5,0.072,0.229,1,0.444,0
93.1,28.3,0.073,0.318,0,0.223,0
186.3,31.0,0.322,0.641,4,0.84,1
65.8,54.9,0.584,0.371,0,0.824,1
24.3,26.7,0.208,0.202,3,0.178,0
24.6,29.5,0.16,0.099,1,0.104,0
60.2,33.5,0.275,0.323,1,0.249,0
12.3,43.4,0.343,0.212,2,0.324,0
5.3,37.1,0.241,0.145,6,0.297,0
19.7,22.1,0.17,0.345,2,0.115,0
15.2,29.7,0.154,0.06,2,0.131,0
15.8,28.9,0.842,0.05,2,0.184,0
12.0,34.2,0.114,0.119,2,0.137,0
1.9,39.3,0.5,0.211,1,0.28,0
0.8,39.2,0.787,0.067,2,0.33,0
198.0,17.2,0.618,0.534,3,0.656,1
25.1,45.6,0.157,0.285,1,0.395,0
21.8,37.5,0.72,0.238,2,0.352,0
51.2,48.8,0.126,0.3,2,0.403,0
11.1,39.4,0.259,0.238,3,0.248,0
134.8,46.0,0.341,0.43,1,0.808,1
69.5,39.7,0.167,0.282,3,0.319,0
4.2,48.5,0.405,0.225,4,0.515,1
24.3,40.2,0.224,0.099,3,0.224,0
95.1,34.0,0.808,0.2,5,0.71,1
130.3,57.7,0.342,0.419,4,0.965,1
28.3,43.9,0.59,0.291,8,0.664,1
42.8,40.7,0.779,0.27,2,0.584,1
8.2,22.2,0.473,0.238,2,0.1,0
212.8,22.1,0.8,0.485,1,0.679,1
11.9,37.9,0.579,0.203,3,0.351,0
128.7,36.5,0.496,0.503,0,0.758,1
47.2,28.9,0.359,0.152,4,0.154,0
42.1,36.4,0.111,0.317,0,0.126,0
32.3,50.9,0.343,0.217,5,0.632,1
11.8,42.0,0.191,0.423,3,0.327,0
8.7,23.6,0.642,0.05,2,0.171,0
11.2,33.9,0.207,0.286,2,0.162,0
9.3,27.0,0.415,0.14,2,0.157,0
68.1,31.1,0.545,0.179,4,0.409,0
19.4,30.9,0.186,0.153,2,0.108,0
2.7,30.2,0.396,0.178,2,0.216,0
156.5,22.4,0.274,0.598,2,0.625,1
96.9,33.7,0.463,0.514,2,0.449,0
118.2,29.4,0.15,0.54,1,0.468,0
237.6,10.0,0.821,0.627,3,0.632,1
8.6,55.5,0.469,0.26,3,0.736,1
22.7,45.9,0.805,0.234,3,0.715,1
63.9,31.2,0.588,0.247,4,0.348,0
53.6,35.2,0.277,0.258,2,0.251,0
7.5,23.3,0.583,0.111,5,0.218,0
76.1,52.0,0.673,0.331,1,0.856,1
11.4,54.0,0.603,0.118,4,0.664,1
11.4,36.6,0.417,0.094,3,0.3,0
34.6,45.2,0.219,0.269,2,0.302,0
40.4,36.8,0.595,0.295,5,0.497,0
39.0,21.6,0.551,0.226,4,0.2,0
4.3,30.9,0.31,0.269,0,0.09,0
94.5,36.3,0.169,0.35,0,0.349,0
13.9,30.5,0.515,0.158,5,0.24,0
6.2,32.8,0.211,0.217,2,0.219,0
98.8,34.1,0.301,0.37,3,0.438,0
140.2,34.2,0.571,0.484,2,0.712,1
89.2,35.5,0.186,0.156,3,0.411,0
74.6,24.4,0.118,0.325,3,0.219,0
47.9,27.8,0.09,0.116,2,0.178,0
36.0,22.2,0.528,0.136,4,0.15,0
4.1,44.8,0.531,0.053,3,0.313,0
23.6,13.9,0.334,0.122,4,0.185,0
21.0,46.5,0.614,0.155,1,0.457,0
13.5,48.9,0.323,0.143,5,0.517,1
57.8,32.0,0.342,0.338,4,0.337,0
30.8,10.0,0.307,0.24,0,0.049,0
3.8,31.4,0.083,0.05,0,0.112,0
11.2,34.4,0.27,0.183,4,0.307,0
51.7,24.9,0.109,0.296,3,0.169,0
3.6,29.8,0.248,0.132,3,0.207,0
85.7,50.3,0.557,0.345,3,0.73,1
30.8,41.6,0.067,0.237,0,0.24,0
29.5,25.8,0.264,0.28,4,0.132,0
40.4,19.0,0.258,0.118,5,0.204,0
78.4,31.7,0.487,0.313,3,0.384,0
19.2,32.9,0.198,0.316,5,0.269,0
51.0,40.0,0.537,0.382,2,0.44,0
37.5,29.6,0.219,0.306,2,0.169,0
14.0,40.1,0.59,0.226,6,0.485,0
94.9,54.4,0.512,0.504,2,0.902,1
71.8,43.2,0.408,0.471,4,0.705,1
48.3,34.5,0.287,0.252,0,0.237,0
85.5,33.2,0.138,0.272,2,0.256,0
90.9,31.4,0.36,0.34,3,0.403,0
55.5,46.8,0.6,0.527,3,0.759,1
81.6,28.7,0.183,0.215,1,0.201,0
53.8,35.5,0.611,0.238,1,0.271,0
51.3,35.5,0.631,0.157,2,0.339,0
43.4,30.0,0.21,0.261,5,0.289,0
62.9,21.3,0.407,0.2,1,0.107,0
7.8,38.2,0.761,0.159,2,0.473,0
95.7,34.4,0.255,0.217,4,0.497,0
92.5,40.0,0.544,0.415,3,0.67,1
1.3,29.7,0.185,0.251,2,0.106,0
78.6,47.2,0.368,0.303,1,0.549,1
6.2,26.2,0.235,0.154,2,0.143,0
18.4,52.1,0.387,0.18,3,0.572,1
61.2,17.5,0.594,0.307,3,0.244,0
7.9,39.3,0.376,0.165,1,0.225,0
76.7,39.8,0.367,0.39,2,0.524,1
80.3,27.0,0.197,0.436,2,0.264,0
31.9,39.2,0.724,0.159,4,0.471,0
0.3,47.8,0.784,0.126,3,0.758,1
15.2,12.8,0.474,0.258,2,0.127,0
43.2,40.0,0.826,0.137,4,0.555,1
178.8,10.1,0.554,0.41,4,0.575,1
45.0,25.3,0.047,0.273,3,0.184,0
13.5,51.3,0.146,0.221,1,0.361,0
45.2,29.2,0.268,0.198,1,0.159,0
34.9,23.3,0.51,0.185,2,0.12,0
68.1,33.0,0.094,0.248,0,0.108,0
5.1,55.7,0.437,0.093,3,0.622,1
64.4,16.7,0.621,0.356,7,0.3,0
35.1,24.5,0.303,0.137,5,0.219,0
148.3,50.0,0.423,0.475,3,0.913,1
18.8,53.6,0.478,0.122,2,0.519,1
45.1,34.0,0.476,0.139,4,0.26,0
121.0,22.6,0.295,0.502,7,0.657,1
4.9,56.0,0.579,0.12,0,0.608,1
124.6,50.9,0.292,0.456,4,0.878,1
52.4,41.8,0.422,0.152,2,0.33,0
3.2,26.9,0.364,0.098,3,0.134,0
16.1,34.5,0.307,0.248,3,0.212,0
55.4,33.4,0.437,0.486,3,0.322,0
3.1,38.3,0.674,0.05,2,0.361,0
39.3,49.5,0.095,0.226,2,0.399,0
19.1,43.8,0.362,0.228,0,0.331,0
43.6,24.2,0.139,0.203,2,0.192,0
2.1,48.8,0.094,0.223,4,0.309,0
92.3,38.1,0.215,0.296,2,0.423,0
163.4,41.9,0.718,0.543,3,0.926,1
156.1,49.7,0.437,0.473,4,0.99,1
62.3,23.9,0.296,0.393,1,0.133,0
6.3,34.6,0.259,0.111,1,0.116,0
63.9,29.7,0.512,0.271,8,0.407,0
1.1,19.3,0.398,0.228,2,0.103,0
1.0,38.5,0.294,0.07,3,0.27,0
17.6,60.0,0.132,0.197,5,0.726,1
30.2,16.6,0.198,0.075,3,0.06,0
66.2,34.7,0.709,0.217,6,0.632,1
51.7,41.4,0.437,0.301,3,0.458,0
26.6,36.2,0.228,0.133,2,0.23,0
14.4,33.9,0.483,0.14,6,0.39,0
263.3,22.0,0.581,0.804,0,0.64,1
25.0,37.3,0.259,0.162,3,0.209,0
27.0,27.4,0.321,0.279,1,0.179,0
8.0,13.1,0.357,0.186,0,0.034,0
71.3,46.9,0.174,0.351,3,0.499,0
53.2,44.6,0.432,0.374,6,0.637,1
11.2,35.5,0.191,0.202,1,0.12,0
3.9,37.3,0.107,0.282,1,0.17,0
51.3,45.7,0.191,0.343,3,0.471,0
47.8,37.2,0.418,0.22,2,0.318,0
14.4,44.0,0.216,0.287,3,0.397,0
135.6,32.0,0.328,0.487,3,0.721,1
7.4,48.1,0.361,0.136,6,0.546,1
25.5,38.2,0.141,0.232,2,0.234,0
129.4,36.9,0.865,0.541,5,0.944,1
24.5,22.3,0.297,0.244,5,0.163,0
45.8,37.9,0.556,0.403,3,0.404,0
22.8,26.7,0.344,0.29,0,0.098,0
14.4,28.6,0.589,0.226,2,0.193,0
186.0,26.8,0.603,0.502,2,0.74,1
23.7,24.3,0.431,0.191,1,0.145,0
101.0,56.2,0.093,0.391,4,0.845,1
11.8,48.3,0.718,0.233,3,0.704,1
10.8,54.2,0.222,0.226,1,0.482,0
1.4,22.8,0.142,0.167,2,0.159,0
47.5,35.7,0.568,0.27,2,0.33,0
20.7,22.1,0.407,0.256,1,0.159,0
89.9,28.0,0.393,0.291,2,0.327,0
28.8,25.8,0.249,0.353,3,0.222,0
155.2,47.4,0.622,0.348,3,0.99,1
9.2,31.0,0.163,0.288,1,0.171,0
91.3,45.7,0.397,0.36,2,0.638,1
67.4,41.0,0.141,0.388,0,0.294,0
66.3,58.0,0.571,0.334,4,0.902,1
83.8,20.2,0.813,0.373,5,0.382,0
64.4,47.6,0.486,0.345,3,0.682,1
44.3,46.5,0.194,0.318,2,0.353,0
6.3,25.3,0.563,0.138,6,0.319,0
1.5,45.1,0.298,0.236,1,0.302,0
114.1,38.4,0.23,0.33,2,0.672,1
43.1,32.7,0.323,0.25,1,0.165,0
71.7,26.8,0.096,0.384,3,0.237,0
29.6,27.8,0.719,0.299,1,0.213,0
5.6,55.5,0.349,0.2,3,0.596,1
6.0,35.0,0.447,0.133,2,0.262,0
52.1,42.8,0.731,0.343,7,0.732,1
25.3,27.1,0.692,0.156,0,0.134,0
10.1,27.2,0.259,0.314,2,0.179,0
30.4,45.8,0.389,0.214,4,0.5,1
3.0,21.5,0.218,0.05,2,0.048,0
39.2,30.8,0.622,0.146,3,0.288,0
14.1,35.3,0.689,0.186,5,0.426,0
71.9,36.1,0.1,0.329,0,0.187,0
16.7,33.2,0.731,0.347,6,0.47,0
27.3,39.0,0.174,0.131,4,0.187,0
0.5,41.9,0.34,0.154,1,0.318,0
3.4,42.3,0.12,0.073,2,0.255,0
22.4,25.1,0.464,0.163,1,0.082,0
29.4,32.2,0.172,0.353,0,0.183,0
41.2,46.9,0.286,0.155,2,0.342,0
15.5,43.9,0.361,0.233,2,0.385,0
53.4,21.3,0.07,0.306,2,0.112,0
88.5,38.5,0.487,0.355,3,0.534,1
68.1,15.2,0.044,0.35,0,0.083,0
1.8,35.5,0.273,0.061,7,0.289,0
29.5,54.0,0.527,0.351,6,0.904,1
5.0,25.5,0.594,0.316,6,0.334,0
12.5,26.7,0.28,0.183,2,0.146,0
194.3,42.6,0.159,0.797,2,0.935,1
6.9,19.6,0.416,0.134,1,0.033,0
31.1,28.7,0.509,0.255,5,0.237,0
43.3,41.0,0.484,0.366,2,0.438,0
54.6,28.7,0.362,0.241,3,0.254,0
36.9,32.6,0.648,0.126,3,0.299,0
0.4,42.4,0.304,0.05,0,0.118,0
17.8,39.2,0.325,0.356,2,0.258,0
32.8,37.7,0.311,0.184,2,0.259,0
4.1,31.6,0.478,0.145,1,0.27,0
19.4,38.7,0.345,0.106,3,0.31,0
1.5,33.8,0.738,0.229,5,0.49,0
3.7,39.6,0.68,0.096,4,0.431,0
22.8,30.0,0.394,0.164,2,0.191,0
6.4,33.2,0.086,0.189,0,0.083,0
37.7,25.1,0.698,0.153,3,0.257,0
52.6,34.6,0.533,0.259,1,0.273,0
72.6,26.9,0.115,0.431,4,0.294,0
10.0,23.9,0.574,0.208,2,0.16,0
8.2,37.6,0.082,0.18,1,0.179,0
5.0,37.1,0.114,0.179,1,0.164,0
45.5,42.8,0.315,0.225,1,0.314,0
55.2,30.7,0.931,0.438,4,0.631,1
1.4,39.1,0.218,0.088,0,0.109,0
123.8,40.5,0.695,0.456,4,0.824,1
2.4,39.4,0.673,0.165,3,0.422,0
35.1,26.7,0.203,0.313,1,0.196,0
55.6,36.5,0.476,0.368,2,0.422,0
92.1,38.6,0.708,0.362,3,0.637,1
56.3,35.1,0.531,0.305,3,0.351,0
72.8,14.1,0.13,0.346,0,0.04,0
18.7,36.6,0.087,0.05,2,0.144,0
75.9,57.1,0.619,0.2,4,0.945,1
3.8,31.4,0.26,0.11,1,0.138,0
101.3,27.7,0.458,0.342,0,0.304,0
35.7,38.7,0.261,0.137,0,0.207,0
76.5,38.1,0.286,0.388,3,0.388,0
27.1,46.9,0.307,0.213,2,0.446,0
46.4,22.4,0.22,0.241,1,0.119,0
33.6,42.3,0.49,0.128,5,0.433,0
59.2,40.9,0.544,0.285,2,0.469,0
3.8,33.6,0.204,0.05,1,0.175,0
2.8,38.4,0.213,0.143,3,0.298,0
12.8,45.3,0.645,0.185,4,0.562,1
7.8,43.7,0.192,0.188,2,0.318,0
92.4,23.6,0.468,0.241,2,0.277,0
11.1,43.2,0.707,0.194,3,0.504,1
167.6,34.4,0.169,0.458,1,0.665,1
18.5,35.7,0.263,0.128,3,0.176,0
9.0,35.7,0.256,0.229,3,0.206,0
70.2,33.5,0.302,0.475,0,0.302,0
48.4,46.9,0.406,0.267,2,0.504,1
31.0,34.2,0.245,0.157,3,0.166,0
36.5,23.8,0.498,0.25,4,0.139,0
57.2,31.1,0.519,0.358,4,0.306,0
11.7,36.8,0.364,0.227,2,0.212,0
252.4,47.3,0.211,0.958,1,0.935,1
165.6,41.0,0.627,0.479,4,0.978,1
47.3,26.5,0.359,0.281,0,0.117,0
10.0,59.9,0.108,0.297,0,0.651,1
51.3,37.6,0.182,0.389,0,0.158,0
3.4,47.8,0.33,0.05,1,0.28,0
1.4,33.5,0.278,0.153,4,0.259,0
13.4,40.3,0.205,0.3,3,0.331,0
27.9,43.4,0.316,0.446,0,0.325,0
91.2,47.2,0.178,0.419,3,0.672,1
58.5,45.6,0.401,0.257,0,0.42,0
61.1,43.7,0.302,0.212,2,0.346,0
24.9,31.8,0.421,0.386,0,0.202,0
19.1,29.3,0.383,0.253,1,0.188,0
20.9,38.3,0.533,0.131,4,0.328,0
197.7,44.3,0.43,0.595,2,0.99,1
1.8,32.8,0.465,0.179,3,0.202,0
90.8,45.7,0.439,0.405,5,0.767,1
38.9,49.5,0.441,0.169,4,0.516,1
26.0,25.8,0.48,0.161,2,0.164,0
58.1,26.6,0.372,0.153,2,0.136,0
30.0,33.6,0.796,0.303,2,0.381,0
93.0,38.1,0.393,0.34,5,0.531,1
103.9,29.8,0.089,0.43,2,0.399,0
24.6,48.5,0.208,0.321,0,0.361,0
14.6,39.2,0.439,0.202,1,0.303,0
40.4,35.4,0.369,0.235,3,0.263,0
109.6,20.6,0.362,0.421,1,0.35,0
10.6,21.8,0.09,0.18,3,0.124,0
43.9,37.8,0.463,0.352,3,0.386,0
44.9,13.7,0.118,0.28,1,0.169,0
59.4,45.1,0.685,0.245,0,0.519,1
6.3,33.4,0.262,0.249,2,0.242,0
56.6,60.0,0.455,0.381,4,0.937,1
107.9,58.1,0.229,0.295,2,0.837,1
8.9,33.2,0.047,0.293,1,0.098,0
12.2,33.9,0.184,0.208,5,0.216,0
159.9,45.0,0.326,0.546,0,0.898,1
9.0,52.0,0.086,0.251,2,0.477,0
86.7,18.6,0.784,0.307,3,0.302,0
30.5,17.1,0.372,0.298,4,0.154,0
12.8,28.8,0.282,0.15,1,0.163,0
92.1,40.8,0.607,0.247,1,0.558,1
26.5,40.0,0.324,0.132,2,0.298,0
32.5,45.7,0.513,0.271,1,0.459,0
20.0,23.0,0.147,0.121,1,0.104,0
40.4,11.8,0.599,0.373,5,0.132,0
8.0,43.6,0.179,0.264,2,0.254,0
22.3,26.7,0.342,0.309,2,0.039,0
156.9,14.8,0.387,0.526,0,0.481,0
13.4,36.5,0.634,0.202,7,0.489,0
48.1,42.9,0.435,0.167,2,0.349,0
17.7,33.8,0.533,0.271,2,0.185,0
66.8,30.4,0.25,0.336,2,0.21,0
6.3,33.4,0.563,0.21,6,0.344,0
157.5,31.3,0.505,0.653,1,0.733,1
27.2,21.5,0.166,0.165,5,0.18,0
12.1,27.9,0.456,0.168,6,0.272,0
3.4,40.2,0.2,0.184,6,0.302,0
8.4,38.2,0.404,0.095,4,0.241,0
33.0,36.7,0.733,0.212,4,0.407,0
18.5,25.0,0.461,0.233,3,0.251,0
79.4,33.2,0.442,0.309,2,0.405,0
25.4,13.2,0.353,0.314,3,0.075,0
12.9,36.8,0.381,0.059,6,0.246,0
43.2,49.3,0.099,0.341,2,0.426,0
55.2,20.3,0.273,0.332,3,0.164,0
8.2,29.1,0.446,0.124,1,0.161,0
8.3,38.3,0.139,0.095,0,0.177,0
1.7,47.5,0.464,0.05,5,0.5,1
60.0,30.5,0.442,0.226,2,0.193,0
49.1,28.1,0.12,0.348,3,0.207,0
29.0,15.3,0.608,0.213,1,0.134,0
83.7,36.0,0.11,0.438,2,0.319,0
73.7,55.4,0.231,0.272,2,0.682,1
39.6,37.8,0.194,0.299,4,0.289,0
91.2,34.8,0.267,0.305,1,0.417,0
10.4,38.2,0.287,0.097,2,0.159,0
5.3,34.9,0.571,0.154,2,0.3,0
14.1,26.9,0.508,0.13,6,0.194,0
2.6,43.2,0.66,0.05,4,0.53,1
34.1,37.3,0.21,0.215,2,0.18,0
124.1,35.2,0.292,0.448,3,0.661,1
1.8,25.2,0.043,0.256,2,0.057,0
5.9,48.0,0.08,0.239,2,0.27,0
27.1,41.6,0.426,0.311,7,0.588,1
122.2,29.5,0.706,0.493,3,0.748,1
17.1,45.0,0.223,0.217,3,0.357,0
31.8,30.0,0.75,0.126,1,0.256,0
1.9,27.2,0.128,0.166,1,0.155,0
7.2,27.4,0.279,0.215,4,0.162,0
194.2,17.3,0.233,0.72,1,0.508,1
151.0,39.7,0.347,0.557,4,0.862,1
0.2,16.7,0.476,0.25,4,0.118,0
136.5,22.7,0.234,0.386,6,0.646,1
45.9,14.2,0.878,0.231,3,0.186,0
91.1,34.1,0.504,0.397,3,0.474,0
27.3,33.5,0.151,0.307,1,0.2,0
32.6,31.7,0.138,0.214,2,0.196,0
30.2,24.6,0.423,0.214,8,0.336,0
49.5,23.3,0.056,0.32,2,0.121,0
6.8,39.6,0.718,0.076,6,0.537,1
1.4,29.5,0.48,0.282,4,0.272,0
16.6,38.2,0.387,0.118,3,0.293,0
54.9,26.1,0.268,0.125,2,0.224,0
10.1,36.8,0.375,0.174,2,0.246,0
50.4,48.0,0.353,0.403,1,0.482,0
157.7,40.9,0.684,0.565,1,0.871,1
4.4,30.9,0.278,0.22,3,0.238,0
50.2,37.6,0.143,0.271,0,0.208,0
26.4,32.6,0.219,0.199,3,0.27,0
91.2,35.1,0.399,0.239,2,0.313,0
8.8,31.7,0.31,0.05,1,0.176,0
53.1,33.4,0.197,0.29,5,0.297,0
81.9,37.1,0.149,0.446,3,0.389,0
130.2,25.1,0.36,0.481,3,0.532,1
51.7,24.8,0.233,0.321,5,0.269,0
30.9,21.1,0.253,0.349,1,0.138,0
43.3,19.0,0.473,0.277,7,0.205,0
91.4,22.8,0.212,0.354,2,0.248,0
38.0,36.6,0.479,0.173,1,0.272,0
1.4,26.1,0.569,0.315,5,0.275,0
120.3,40.1,0.43,0.473,3,0.805,1
52.6,35.3,0.119,0.197,1,0.175,0
50.8,15.3,0.337,0.175,4,0.052,0
10.9,41.5,0.374,0.276,5,0.438,0
48.4,43.1,0.404,0.18,5,0.478,0
22.5,25.1,0.131,0.351,0,0.119,0
47.4,39.2,0.556,0.05,4,0.417,0
5.1,26.4,0.683,0.276,3,0.16,0
48.3,36.0,0.133,0.302,4,0.279,0
320.0,22.4,0.185,0.906,2,0.665,1
2.2,17.1,0.283,0.141,3,0.061,0
170.1,31.2,0.148,0.698,0,0.667,1
23.5,33.8,0.075,0.261,2,0.206,0
92.1,31.0,0.59,0.293,4,0.501,1
68.6,23.2,0.13,0.173,2,0.127,0
37.7,31.0,0.729,0.252,5,0.397,0
60.4,37.7,0.12,0.291,1,0.273,0
94.9,34.6,0.545,0.25,1,0.45,0
23.3,36.8,0.048,0.2,1,0.144,0
17.8,28.3,0.311,0.146,1,0.108,0
49.6,46.7,0.495,0.266,2,0.451,0
74.2,23.2,0.241,0.381,1,0.156,0
64.7,39.9,0.151,0.42,0,0.208,0
71.9,46.8,0.129,0.391,1,0.517,1
25.7,39.8,0.224,0.152,2,0.2,0
76.6,33.0,0.719,0.358,2,0.504,1
5.8,29.7,0.777,0.168,2,0.33,0
35.4,45.4,0.196,0.126,2,0.304,0
0.3,20.8,0.252,0.182,1,0.092,0
17.7,25.3,0.273,0.34,5,0.163,0
20.5,31.0,0.432,0.201,1,0.154,0
22.7,47.4,0.571,0.075,5,0.623,1
53.5,38.8,0.83,0.277,5,0.684,1
22.1,25.3,0.279,0.105,2,0.131,0
26.8,31.9,0.52,0.282,3,0.325,0
12.2,28.9,0.38,0.22,4,0.246,0
21.0,27.9,0.408,0.185,2,0.16,0
11.6,44.8,0.204,0.151,1,0.262,0
3.4,21.3,0.327,0.141,1,0.069,0
41.6,51.1,0.545,0.248,4,0.685,1
49.6,43.3,0.485,0.204,3,0.439,0
43.5,45.9,0.498,0.14,5,0.565,1
28.0,30.4,0.499,0.306,4,0.234,0
21.5,33.5,0.323,0.169,3,0.222,0
89.6,20.7,0.6,0.372,4,0.322,0
32.9,29.8,0.212,0.25,5,0.206,0
29.4,39.9,0.367,0.244,1,0.253,0
1.2,48.0,0.314,0.059,2,0.234,0
18.8,23.9,0.353,0.06,3,0.111,0
21.5,31.3,0.368,0.153,1,0.116,0
22.9,33.5,0.177,0.235,2,0.174,0
39.1,21.0,0.343,0.183,0,0.01,0
34.3,40.9,0.43,0.202,1,0.3,0
42.1,27.8,0.165,0.418,2,0.213,0
65.1,33.0,0.34,0.154,2,0.234,0
75.4,30.5,0.637,0.266,3,0.396,0
57.0,27.1,0.433,0.435,3,0.238,0
140.1,34.9,0.215,0.473,2,0.613,1
0.8,32.8,0.194,0.095,1,0.138,0
9.8,31.3,0.418,0.266,3,0.257,0
0.3,27.7,0.88,0.155,3,0.241,0
46.9,38.2,0.242,0.232,2,0.24,0
102.7,51.5,0.266,0.405,1,0.735,1
12.6,36.4,0.347,0.127,2,0.327,0
117.8,45.0,0.336,0.343,2,0.736,1
2.8,21.1,0.31,0.147,3,0.052,0
122.6,36.6,0.183,0.355,4,0.56,1
19.5,24.0,0.28,0.196,5,0.22,0
4.8,20.2,0.679,0.19,0,0.209,0
29.9,27.6,0.386,0.288,1,0.146,0
13.4,46.9,0.102,0.271,2,0.312,0
15.1,44.5,0.461,0.153,4,0.455,0
16.5,37.4,0.826,0.229,4,0.5,1
73.1,19.7,0.686,0.36,6,0.241,0
34.9,33.0,0.308,0.258,0,0.207,0
16.8,38.0,0.146,0.151,1,0.153,0
42.4,36.8,0.612,0.167,4,0.434,0
56.7,16.6,0.568,0.322,7,0.234,0
14.3,26.1,0.019,0.05,2,0.117,0
24.0,34.4,0.56,0.185,3,0.324,0
5.8,40.4,0.187,0.05,1,0.223,0
9.0,13.0,0.164,0.064,1,0.078,0
51.4,33.4,0.28,0.2,1,0.199,0
9.0,36.4,0.428,0.259,3,0.316,0
33.5,43.5,0.216,0.283,3,0.374,0
55.6,41.9,0.666,0.235,3,0.492,0
5.1,40.8,0.481,0.22,5,0.386,0
37.7,27.0,0.185,0.309,3,0.095,0
13.3,15.9,0.61,0.168,7,0.239,0
148.3,31.1,0.503,0.385,3,0.721,1
29.7,45.0,0.352,0.203,1,0.36,0
73.8,48.9,0.336,0.314,2,0.596,1
36.0,42.1,0.619,0.135,2,0.362,0
2.0,39.3,0.267,0.184,0,0.182,0
45.1,38.8,0.76,0.278,2,0.477,0
136.1,29.4,0.32,0.503,1,0.553,1
41.4,33.7,0.353,0.269,1,0.245,0
77.0,51.7,0.39,0.388,1,0.789,1
97.0,25.6,0.263,0.362,2,0.345,0
11.6,51.1,0.192,0.193,0,0.333,0
10.7,31.8,0.073,0.143,3,0.217,0
42.5,48.3,0.524,0.202,2,0.598,1
23.8,20.9,0.587,0.313,2,0.098,0
82.4,40.9,0.724,0.179,8,0.823,1
103.6,27.6,0.691,0.462,4,0.618,1
19.6,20.8,0.19,0.146,1,0.142,0
12.2,37.2,0.275,0.118,1,0.215,0
68.2,45.1,0.374,0.33,4,0.564,1
14.5,26.6,0.3,0.065,1,0.197,0
77.8,20.0,0.523,0.266,1,0.191,0
24.8,34.1,0.647,0.14,6,0.388,0
49.6,34.1,0.196,0.248,4,0.291,0
4.5,40.5,0.053,0.096,1,0.21,0
44.0,44.5,0.643,0.381,3,0.646,1
27.0,34.4,0.564,0.357,2,0.328,0
39.8,53.6,0.178,0.081,1,0.386,0
8.3,37.2,0.242,0.213,2,0.192,0
60.1,31.5,0.084,0.359,2,0.178,0
89.4,18.9,0.549,0.402,3,0.221,0
11.0,32.4,0.431,0.123,7,0.394,0
4.5,31.6,0.647,0.141,3,0.252,0
1.1,44.6,0.642,0.093,5,0.399,0
46.2,39.6,0.366,0.224,3,0.354,0
42.0,23.2,0.149,0.151,0,0.111,0
35.6,36.7,0.088,0.224,0,0.085,0
11.9,41.7,0.146,0.057,1,0.155,0
22.3,50.3,0.261,0.186,3,0.417,0
40.6,43.9,0.316,0.145,4,0.359,0
30.9,42.6,0.266,0.239,0,0.295,0
198.2,35.6,0.65,0.558,5,0.923,1
6.6,38.9,0.498,0.189,2,0.279,0
53.5,47.5,0.725,0.361,2,0.794,1
23.3,21.7,0.321,0.332,6,0.239,0
25.2,31.5,0.461,0.05,2,0.112,0
56.9,27.3,0.743,0.216,6,0.376,0
53.1,38.8,0.736,0.25,4,0.568,1
213.3,47.3,0.036,0.684,1,0.853,1
6.2,29.0,0.21,0.05,1,0.198,0
4.9,11.1,0.077,0.083,2,0.078,0
58.0,30.9,0.435,0.296,1,0.192,0
38.9,44.1,0.568,0.247,5,0.541,1
14.4,40.4,0.291,0.214,0,0.249,0
3.7,39.3,0.601,0.194,0,0.254,0
4.0,32.2,0.317,0.186,2,0.196,0
101.1,22.2,0.206,0.401,2,0.238,0
9.6,40.2,0.368,0.177,4,0.337,0
17.6,26.7,0.113,0.244,1,0.093,0
11.6,56.8,0.621,0.05,7,0.828,1
19.7,40.7,0.771,0.32,3,0.551,1
3.2,29.2,0.614,0.05,3,0.247,0
32.9,28.9,0.561,0.141,2,0.177,0
3.2,34.1,0.566,0.139,1,0.207,0
72.5,32.6,0.329,0.373,2,0.294,0
12.0,46.2,0.558,0.05,5,0.569,1
34.9,36.9,0.266,0.229,4,0.33,0
95.4,27.7,0.335,0.436,2,0.376,0
47.4,53.9,0.535,0.34,3,0.73,1
34.3,35.5,0.342,0.174,0,0.15,0
17.6,42.7,0.396,0.167,5,0.468,0
18.2,28.9,0.29,0.143,3,0.127,0
49.8,38.6,0.61,0.235,4,0.468,0
231.3,38.1,0.438,0.607,5,0.88,1
48.8,16.1,0.628,0.193,3,0.11,0
36.7,55.2,0.166,0.27,0,0.541,1
59.0,47.9,0.255,0.298,1,0.457,0
28.2,31.0,0.471,0.255,1,0.233,0
2.8,24.0,0.616,0.174,8,0.35,0
37.2,38.5,0.328,0.293,2,0.282,0
142.3,35.9,0.738,0.552,1,0.826,1
8.7,38.6,0.178,0.05,3,0.196,0
52.7,36.9,0.4,0.205,1,0.246,0
10.1,40.1,0.671,0.155,7,0.635,1
34.5,49.5,0.743,0.229,7,0.792,1
4.6,40.7,0.37,0.107,2,0.235,0
26.9,24.5,0.104,0.286,1,0.078,0
63.5,48.6,0.348,0.457,3,0.688,1
19.2,51.4,0.192,0.21,2,0.495,0
49.2,60.0,0.395,0.272,3,0.852,1
71.4,23.8,0.419,0.385,3,0.259,0
117.9,37.4,0.269,0.276,6,0.703,1
12.0,14.2,0.53,0.18,2,0.116,0
22.9,40.5,0.543,0.282,0,0.347,0
7.4,29.5,0.498,0.116,4,0.242,0
220.1,54.2,0.481,0.565,3,0.99,1
117.8,27.3,0.358,0.41,1,0.464,0
34.9,18.1,0.344,0.227,3,0.06,0
83.0,30.3,0.32,0.271,5,0.383,0
33.1,15.2,0.398,0.395,2,0.124,0
44.0,42.5,0.235,0.214,3,0.352,0
4.2,14.3,0.546,0.068,3,0.101,0
63.3,35.3,0.451,0.29,1,0.296,0
6.1,14.2,0.292,0.237,3,0.075,0
78.7,31.8,0.195,0.335,1,0.174,0
68.6,51.4,0.113,0.349,4,0.649,1
55.5,38.6,0.329,0.21,2,0.247,0
1.7,26.4,0.312,0.273,6,0.237,0
16.3,34.7,0.69,0.233,1,0.261,0
13.7,35.2,0.217,0.266,4,0.323,0
20.1,39.7,0.264,0.226,3,0.284,0
4.1,21.3,0.086,0.226,2,0.095,0
124.4,40.9,0.467,0.37,3,0.804,1
36.3,10.0,0.265,0.195,3,0.181,0
16.4,28.7,0.474,0.296,2,0.213,0
22.8,30.1,0.37,0.328,4,0.237,0
26.7,41.3,0.536,0.12,0,0.299,0
41.3,35.2,0.616,0.266,2,0.269,0
32.6,20.9,0.262,0.192,3,0.138,0
113.3,25.2,0.446,0.359,2,0.503,1
30.9,37.0,0.281,0.245,3,0.275,0
218.2,34.2,0.72,0.75,1,0.918,1
85.8,29.2,0.495,0.386,3,0.385,0
10.5,30.2,0.233,0.149,5,0.205,0
120.1,42.0,0.392,0.471,2,0.761,1
5.6,29.8,0.311,0.134,5,0.256,0
76.5,34.1,0.74,0.362,4,0.559,1
21.6,56.7,0.141,0.312,1,0.452,0
94.7,20.8,0.474,0.205,3,0.299,0
91.1,16.5,0.523,0.426,1,0.288,0
73.8,42.8,0.62,0.199,5,0.629,1
70.2,28.2,0.081,0.412,2,0.152,0
16.4,31.8,0.613,0.137,0,0.207,0
3.8,27.2,0.4,0.061,8,0.358,0
23.2,32.4,0.149,0.26,3,0.221,0
8.6,51.0,0.253,0.199,1,0.459,0
53.4,43.0,0.433,0.195,5,0.528,1
19.1,43.6,0.457,0.094,0,0.293,0
167.1,20.8,0.402,0.525,4,0.662,1
46.1,23.5,0.542,0.161,4,0.221,0
77.8,10.0,0.481,0.247,3,0.146,0
6.4,26.9,0.709,0.174,4,0.255,0
89.1,44.6,0.385,0.281,2,0.55,1
115.2,40.2,0.669,0.453,4,0.855,1
30.0,32.8,0.205,0.339,3,0.176,0
41.9,34.8,0.245,0.236,1,0.227,0
65.1,28.1,0.264,0.312,4,0.228,0
8.6,37.0,0.667,0.332,1,0.344,0
31.4,42.7,0.166,0.128,1,0.238,0
22.9,18.8,0.347,0.299,3,0.097,0
7.1,38.0,0.016,0.252,1,0.095,0
20.6,44.3,0.362,0.266,1,0.321,0
3.2,30.8,0.289,0.261,0,0.08,0
1.2,42.0,0.054,0.175,2,0.251,0
6.5,60.0,0.523,0.119,2,0.736,1
148.5,34.0,0.544,0.584,2,0.864,1
35.9,38.9,0.405,0.324,4,0.395,0
151.9,27.6,0.124,0.593,1,0.59,1
25.5,36.8,0.512,0.213,1,0.178,0
16.8,39.6,0.457,0.132,2,0.285,0
31.7,36.9,0.341,0.239,0,0.197,0
26.1,24.8,0.613,0.286,4,0.187,0
5.0,37.1,0.269,0.244,3,0.258,0
46.1,49.6,0.315,0.223,5,0.565,1
11.0,39.5,0.474,0.201,0,0.234,0
43.5,44.6,0.488,0.147,3,0.441,0
47.3,32.6,0.388,0.339,4,0.293,0
7.4,42.5,0.614,0.105,3,0.419,0
2.8,37.8,0.076,0.219,1,0.17,0
68.3,25.5,0.834,0.217,7,0.497,0
27.7,38.2,0.805,0.297,4,0.556,1
2.7,25.1,0.551,0.182,4,0.161,0
237.2,28.7,0.49,0.641,4,0.817,1
2.7,36.9,0.369,0.212,1,0.27,0
53.4,38.0,0.183,0.227,1,0.264,0
185.2,23.1,0.623,0.642,2,0.793,1
12.3,45.5,0.221,0.157,4,0.417,0
6.9,40.7,0.191,0.05,1,0.165,0
5.8,28.0,0.796,0.085,5,0.319,0
16.3,19.6,0.142,0.154,0,0.08,0
4.8,33.6,0.217,0.271,1,0.195,0
53.0,30.5,0.449,0.346,0,0.187,0
2.9,36.1,0.302,0.287,3,0.264,0
32.0,31.4,0.586,0.357,4,0.344,0
257.1,14.9,0.297,0.707,1,0.58,1
75.7,31.1,0.24,0.312,1,0.258,0
43.0,31.9,0.083,0.217,3,0.199,0
16.5,41.3,0.549,0.135,2,0.345,0
44.0,28.0,0.721,0.105,4,0.293,0
33.7,51.8,0.527,0.227,3,0.729,1
25.0,15.9,0.672,0.105,2,0.045,0
6.3,48.1,0.057,0.162,0,0.197,0
98.0,32.8,0.444,0.548,2,0.527,1
26.9,43.6,0.305,0.172,3,0.352,0
9.7,35.8,0.67,0.188,3,0.358,0
20.6,46.4,0.944,0.271,6,0.92,1
24.1,31.1,0.133,0.229,1,0.152,0
79.1,24.0,0.452,0.358,3,0.249,0
59.5,49.2,0.712,0.26,5,0.844,1
66.0,33.9,0.049,0.285,1,0.202,0
0.5,37.2,0.185,0.074,3,0.187,0
24.2,47.3,0.68,0.274,2,0.66,1
29.5,24.7,0.769,0.08,5,0.292,0
0.9,41.0,0.107,0.23,4,0.299,0
13.5,29.1,0.541,0.069,5,0.318,0
64.3,33.7,0.306,0.377,1,0.308,0
6.6,35.7,0.233,0.137,1,0.207,0
34.5,20.0,0.574,0.132,3,0.255,0
10.9,27.2,0.148,0.222,1,0.114,0
0.5,48.5,0.155,0.226,1,0.297,0
12.4,43.9,0.381,0.144,1,0.322,0
167.6,34.4,0.447,0.599,3,0.83,1
72.8,37.4,0.729,0.137,3,0.489,0
144.4,32.1,0.245,0.381,0,0.527,1
30.1,48.6,0.214,0.324,0,0.38,0
5.2,33.0,0.293,0.144,0,0.079,0
35.7,37.3,0.281,0.084,2,0.209,0
27.3,46.5,0.571,0.158,2,0.472,0
83.7,27.2,0.419,0.271,4,0.319,0
4.6,50.6,0.141,0.148,1,0.248,0
30.1,19.7,0.467,0.191,6,0.137,0
7.3,51.3,0.161,0.181,4,0.431,0
17.7,31.3,0.545,0.186,7,0.392,0
60.2,32.6,0.057,0.399,0,0.186,0
29.1,16.1,0.684,0.252,7,0.236,0
21.2,30.5,0.168,0.236,1,0.107,0
22.6,24.6,0.548,0.296,4,0.237,0
27.7,28.9,0.558,0.183,1,0.106,0
69.2,33.6,0.188,0.21,2,0.143,0
100.2,44.6,0.512,0.48,8,0.874,1
139.9,37.1,0.548,0.487,5,0.844,1
69.6,38.1,0.258,0.323,2,0.372,0
17.1,24.0,0.658,0.139,4,0.217,0
52.4,26.2,0.347,0.223,4,0.287,0
25.9,53.0,0.113,0.278,0,0.367,0
13.2,27.6,0.234,0.26,1,0.152,0
82.7,51.6,0.304,0.406,3,0.724,1
1.8,32.6,0.185,0.218,2,0.226,0
104.4,35.0,0.121,0.439,5,0.551,1
27.9,45.7,0.264,0.226,0,0.318,0
45.6,47.7,0.5,0.242,2,0.485,0
48.5,33.9,0.497,0.36,2,0.288,0
101.5,31.1,0.219,0.357,2,0.377,0
45.6,34.4,0.154,0.286,1,0.24,0
42.8,38.4,0.265,0.186,3,0.191,0
3.1,43.9,0.402,0.104,4,0.364,0
32.9,35.0,0.136,0.208,1,0.156,0
7.3,41.2,0.317,0.103,1,0.14,0
60.2,51.4,0.371,0.354,2,0.618,1
32.3,38.8,0.417,0.118,9,0.444,0
51.3,38.1,0.372,0.278,0,0.156,0
1.9,19.8,0.739,0.165,4,0.176,0
4.0,10.0,0.65,0.05,2,0.07,0
56.7,38.9,0.892,0.247,2,0.6,1
3.4,34.1,0.16,0.178,1,0.162,0
3.3,29.9,0.13,0.192,1,0.092,0
0.5,37.4,0.395,0.135,3,0.332,0
141.1,34.4,0.179,0.533,5,0.765,1
60.2,46.3,0.447,0.282,6,0.711,1
19.6,35.9,0.276,0.197,3,0.171,0
15.8,27.5,0.1,0.207,3,0.12,0
19.4,44.9,0.518,0.269,4,0.559,1
67.1,32.8,0.752,0.252,2,0.391,0
48.7,40.3,0.327,0.225,1,0.233,0
9.2,30.2,0.371,0.118,2,0.091,0
8.6,28.5,0.44,0.144,3,0.216,0
4.7,35.8,0.454,0.275,4,0.352,0
48.6,35.1,0.682,0.309,5,0.506,1
65.0,39.8,0.415,0.211,2,0.338,0
13.9,32.3,0.884,0.134,6,0.443,0
1.0,16.6,0.553,0.182,3,0.123,0
3.9,30.7,0.143,0.086,1,0.07,0
154.7,42.9,0.287,0.453,3,0.822,1
15.8,32.0,0.226,0.294,3,0.26,0
66.0,32.5,0.903,0.255,5,0.525,1
44.1,44.9,0.313,0.329,4,0.511,1
21.7,27.9,0.669,0.301,7,0.455,0
10.4,19.6,0.175,0.116,1,0.12,0
5.8,33.4,0.396,0.092,4,0.253,0
43.0,30.2,0.287,0.228,6,0.275,0
67.1,25.3,0.724,0.219,1,0.206,0
46.5,33.2,0.165,0.268,3,0.139,0
34.0,39.9,0.171,0.213,5,0.339,0
1.9,34.9,0.183,0.183,1,0.145,0
155.6,38.1,0.249,0.625,2,0.774,1
72.1,53.1,0.298,0.384,1,0.658,1
15.6,31.6,0.476,0.226,3,0.241,0
176.0,37.8,0.518,0.403,1,0.8,1
41.4,29.9,0.219,0.282,2,0.246,0
39.3,26.5,0.348,0.38,0,0.171,0
62.0,29.2,0.75,0.054,1,0.273,0
75.2,30.2,0.678,0.381,5,0.493,0
48.1,38.6,0.094,0.249,2,0.26,0
6.2,58.5,0.12,0.096,2,0.464,0
18.6,27.8,0.201,0.257,3,0.197,0
118.5,30.8,0.431,0.563,1,0.545,1
11.4,34.4,0.312,0.239,4,0.222,0
20.9,39.0,0.19,0.169,1,0.195,0
25.5,37.6,0.133,0.134,2,0.184,0
26.0,47.8,0.498,0.222,4,0.664,1
42.7,10.7,0.478,0.32,0,0.091,0
129.0,11.1,0.5,0.42,6,0.557,1
12.4,30.0,0.289,0.156,5,0.275,0
5.8,46.0,0.7,0.389,3,0.698,1
9.9,19.3,0.324,0.259,2,0.096,0
98.1,10.0,0.548,0.471,2,0.13,0
46.7,40.7,0.243,0.142,2,0.23,0
15.2,37.4,0.446,0.129,2,0.274,0
76.2,24.1,0.709,0.334,4,0.342,0
88.9,25.1,0.467,0.277,3,0.327,0
84.3,25.3,0.484,0.475,4,0.289,0
113.1,36.1,0.231,0.527,0,0.516,1
13.1,28.7,0.665,0.138,2,0.252,0
63.3,39.9,0.456,0.44,3,0.422,0
27.8,10.0,0.243,0.214,3,0.107,0
83.0,26.4,0.349,0.551,1,0.32,0
58.7,23.7,0.558,0.298,1,0.246,0
67.4,32.4,0.635,0.353,3,0.389,0
48.0,29.6,0.66,0.374,2,0.33,0
8.8,43.0,0.164,0.273,1,0.31,0
35.4,16.4,0.366,0.274,2,0.127,0
188.0,35.5,0.318,0.577,4,0.908,1
124.7,40.6,0.239,0.482,1,0.666,1
2.0,53.6,0.509,0.089,3,0.616,1
8.1,30.2,0.752,0.181,8,0.437,0
6.4,38.2,0.311,0.076,3,0.231,0
58.3,17.0,0.229,0.143,2,0.134,0
76.6,11.1,0.541,0.333,4,0.151,0
10.8,43.4,0.359,0.276,1,0.31,0
31.7,34.9,0.087,0.298,0,0.186,0
82.7,46.8,0.115,0.336,1,0.534,1
59.4,21.3,0.343,0.428,2,0.086,0
35.2,40.2,0.252,0.187,3,0.369,0
40.2,53.7,0.225,0.09,3,0.473,0
32.0,39.2,0.326,0.05,4,0.324,0
15.9,37.8,0.243,0.093,2,0.248,0
37.5,35.1,0.248,0.303,0,0.245,0
52.5,19.3,0.12,0.222,0,0.062,0
93.0,48.6,0.444,0.404,2,0.735,1
45.5,28.9,0.76,0.388,3,0.359,0
64.4,40.0,0.027,0.212,1,0.221,0
7.8,19.4,0.326,0.207,3,0.179,0
27.9,23.2,0.376,0.258,2,0.139,0
0.4,49.4,0.481,0.082,4,0.445,0
12.7,31.5,0.153,0.288,0,0.107,0
58.3,49.5,0.365,0.263,2,0.473,0
216.2,34.2,0.441,0.624,1,0.817,1
4.7,16.6,0.616,0.33,8,0.284,0
23.1,43.9,0.372,0.246,2,0.335,0
72.4,29.1,0.539,0.393,4,0.362,0
10.3,42.0,0.507,0.282,4,0.452,0
36.4,35.3,0.617,0.183,3,0.339,0
59.4,19.6,0.368,0.389,1,0.158,0
43.1,36.6,0.075,0.21,1,0.215,0
9.4,57.0,0.656,0.128,5,0.944,1
19.8,39.9,0.115,0.174,5,0.309,0
68.9,34.4,0.324,0.261,1,0.283,0
36.4,45.8,0.559,0.301,5,0.577,1
0.2,37.1,0.31,0.172,2,0.204,0
64.4,37.1,0.752,0.261,0,0.401,0
1.6,24.1,0.283,0.208,4,0.125,0
61.6,37.3,0.416,0.272,2,0.31,0
10.2,45.4,0.365,0.148,3,0.369,0
142.7,26.6,0.418,0.487,4,0.67,1
20.6,49.2,0.18,0.235,0,0.42,0
17.8,34.1,0.539,0.223,0,0.224,0
7.3,26.1,0.363,0.138,4,0.261,0
16.4,45.0,0.581,0.256,4,0.621,1
94.2,32.1,0.229,0.352,1,0.295,0
252.4,42.6,0.617,0.687,1,0.951,1
20.7,32.1,0.087,0.081,1,0.111,0
26.8,34.4,0.617,0.291,3,0.339,0
57.6,39.9,0.327,0.285,4,0.368,0
97.8,37.9,0.381,0.395,3,0.541,1
40.5,15.0,0.26,0.328,0,0.095,0
22.4,23.8,0.404,0.164,3,0.17,0
23.9,44.3,0.178,0.096,2,0.27,0
53.5,33.7,0.429,0.28,2,0.268,0
0.1,29.8,0.308,0.175,3,0.215,0
43.5,21.4,0.461,0.23,5,0.201,0
19.8,24.2,0.264,0.314,3,0.215,0
71.1,14.8,0.556,0.117,3,0.085,0
4.4,34.0,0.79,0.25,7,0.572,1
39.9,29.0,0.418,0.306,3,0.25,0
29.5,25.3,0.468,0.255,2,0.141,0
46.3,34.3,0.223,0.05,1,0.148,0
3.0,38.6,0.36,0.26,1,0.26,0
39.0,55.9,0.305,0.159,2,0.617,1
37.1,19.9,0.569,0.196,2,0.07,0
37.0,46.6,0.409,0.223,5,0.57,1
41.6,44.7,0.112,0.28,2,0.301,0
50.8,27.2,0.263,0.32,2,0.225,0
73.6,37.0,0.869,0.393,5,0.682,1
14.2,30.4,0.543,0.248,5,0.404,0
78.4,36.9,0.07,0.353,1,0.243,0
31.0,50.1,0.578,0.256,2,0.687,1
3.6,41.1,0.262,0.071,2,0.224,0
2.7,40.1,0.564,0.096,4,0.339,0
18.3,30.7,0.584,0.264,4,0.307,0
69.1,20.2,0.303,0.378,3,0.232,0
55.3,32.9,0.624,0.337,2,0.279,0
69.9,47.1,0.399,0.272,4,0.635,1
32.8,19.7,0.315,0.299,2,0.124,0
26.1,24.4,0.459,0.118,0,0.134,0
7.2,36.3,0.391,0.253,2,0.248,0
17.9,25.2,0.639,0.171,2,0.153,0
25.6,27.1,0.294,0.344,5,0.195,0
4.2,30.8,0.197,0.05,4,0.208,0
11.2,21.3,0.657,0.317,6,0.289,0
41.0,25.3,0.538,0.217,10,0.447,0
59.9,42.0,0.398,0.259,3,0.447,0
288.2,21.9,0.274,0.838,0,0.674,1
121.7,19.0,0.471,0.378,5,0.567,1
46.3,28.7,0.364,0.252,3,0.141,0
24.6,42.3,0.533,0.148,0,0.201,0
45.5,33.0,0.156,0.2,1,0.236,0
69.3,30.4,0.52,0.351,0,0.19,0
5.7,35.4,0.507,0.091,2,0.184,0
23.7,17.5,0.392,0.144,4,0.127,0
82.4,39.9,0.308,0.232,2,0.329,0
21.8,38.8,0.263,0.161,2,0.217,0
38.2,30.9,0.207,0.344,0,0.113,0
39.9,45.1,0.571,0.175,6,0.602,1
9.2,23.7,0.539,0.113,3,0.173,0
20.2,46.3,0.459,0.213,2,0.416,0
18.3,36.5,0.697,0.163,4,0.388,0
1.2,31.6,0.403,0.331,2,0.224,0
1.1,34.8,0.394,0.14,3,0.274,0
80.2,33.9,0.351,0.364,0,0.346,0
14.4,47.2,0.468,0.259,1,0.429,0
32.8,24.2,0.634,0.301,2,0.266,0
16.0,27.4,0.29,0.206,5,0.252,0
127.1,45.4,0.436,0.434,4,0.82,1
13.5,29.0,0.273,0.343,4,0.172,0
25.3,44.0,0.345,0.201,2,0.314,0
92.8,52.0,0.145,0.331,2,0.716,1
83.0,31.0,0.126,0.292,1,0.213,0
9.3,41.8,0.396,0.05,3,0.217,0
73.0,23.5,0.404,0.386,3,0.233,0
27.6,42.5,0.3,0.05,3,0.206,0
29.7,37.0,0.496,0.219,2,0.247,0
6.4,39.7,0.331,0.149,1,0.198,0
3.8,28.5,0.353,0.338,2,0.185,0
58.6,18.4,0.189,0.14,2,0.162,0
30.9,40.0,0.453,0.15,2,0.326,0
25.8,14.4,0.633,0.199,3,0.078,0
58.8,31.8,0.419,0.271,1,0.211,0
65.3,44.4,0.236,0.258,1,0.359,0
7.8,36.9,0.35,0.162,3,0.242,0
42.4,54.5,0.259,0.148,2,0.505,1
6.5,45.3,0.405,0.194,3,0.336,0
62.6,28.5,0.234,0.11,6,0.235,0
48.1,35.3,0.332,0.26,2,0.237,0
141.2,34.5,0.57,0.431,4,0.692,1
3.2,19.2,0.299,0.239,3,0.15,0
2.6,25.6,0.258,0.297,2,0.088,0
14.9,29.4,0.413,0.158,0,0.161,0
13.7,14.6,0.676,0.293,3,0.156,0
12.8,35.5,0.691,0.154,6,0.426,0
106.5,32.5,0.232,0.321,1,0.427,0
12.9,18.3,0.538,0.32,5,0.217,0
14.3,39.0,0.224,0.225,2,0.226,0
64.1,42.2,0.653,0.3,4,0.613,1
26.9,37.3,0.804,0.268,5,0.62,1
67.5,31.8,0.572,0.329,4,0.409,0
3.0,40.9,0.512,0.152,1,0.329,0
30.1,41.8,0.318,0.114,3,0.207,0
1.5,38.1,0.413,0.132,4,0.306,0
2.9,26.8,0.751,0.207,6,0.275,0
106.6,37.8,0.346,0.389,1,0.519,1
6.7,47.0,0.094,0.238,1,0.308,0
34.2,29.0,0.427,0.261,3,0.289,0
23.8,56.0,0.447,0.135,2,0.596,1
19.2,29.7,0.109,0.089,3,0.134,0
103.5,35.3,0.032,0.379,2,0.408,0
1.0,28.3,0.293,0.11,2,0.103,0
49.1,37.2,0.159,0.291,4,0.346,0
148.8,17.6,0.188,0.44,3,0.512,1
37.0,29.5,0.287,0.187,3,0.198,0
124.3,24.1,0.349,0.524,1,0.472,0
2.4,36.4,0.54,0.167,2,0.264,0
24.4,44.9,0.551,0.151,5,0.501,1
13.6,41.5,0.289,0.183,2,0.268,0
59.1,11.3,0.504,0.398,2,0.081,0
179.1,55.4,0.275,0.591,2,0.973,1
13.3,38.0,0.649,0.229,3,0.435,0
47.8,27.2,0.55,0.201,5,0.239,0
9.9,36.6,0.147,0.255,2,0.143,0
37.5,36.8,0.384,0.423,1,0.286,0
28.1,28.3,0.153,0.152,0,0.078,0
160.9,37.0,0.469,0.431,1,0.79,1
42.2,28.9,0.9,0.263,4,0.441,0
19.4,31.0,0.243,0.265,2,0.091,0
5.5,28.1,0.425,0.155,6,0.287,0
7.4,20.7,0.397,0.083,3,0.081,0
11.5,36.5,0.263,0.168,3,0.231,0
13.0,40.9,0.522,0.228,4,0.399,0
85.6,40.1,0.908,0.317,2,0.753,1
37.1,43.2,0.316,0.285,1,0.388,0
33.3,38.2,0.307,0.321,1,0.266,0
5.5,29.7,0.701,0.182,2,0.271,0
88.5,43.4,0.336,0.354,1,0.511,1
57.7,21.4,0.477,0.351,2,0.2,0
3.2,26.0,0.136,0.089,3,0.152,0
55.4,25.4,0.326,0.203,1,0.157,0
35.3,45.8,0.116,0.211,1,0.321,0
3.8,44.4,0.255,0.12,6,0.419,0
27.6,39.9,0.262,0.15,3,0.364,0
29.8,45.7,0.449,0.366,2,0.531,1
8.2,26.2,0.565,0.343,3,0.174,0
131.1,38.5,0.473,0.428,3,0.775,1
85.4,33.7,0.081,0.357,3,0.352,0
49.8,43.5,0.209,0.251,5,0.437,0
27.9,33.8,0.32,0.304,5,0.341,0
23.9,31.2,0.399,0.31,1,0.22,0
47.4,40.4,0.067,0.118,1,0.145,0
35.5,43.8,0.673,0.271,2,0.591,1
2.9,28.3,0.274,0.052,6,0.201,0
32.3,34.4,0.221,0.366,4,0.26,0
73.9,24.4,0.423,0.358,3,0.23,0
27.7,10.0,0.107,0.149,3,0.12,0
2.4,37.0,0.146,0.136,1,0.153,0
69.4,41.1,0.39,0.289,0,0.316,0
10.1,37.6,0.384,0.216,3,0.267,0
13.5,15.5,0.627,0.265,4,0.078,0
8.1,31.5,0.101,0.077,1,0.089,0
18.0,12.8,0.696,0.339,6,0.135,0
63.6,48.7,0.364,0.427,1,0.561,1
33.0,24.1,0.267,0.157,0,0.128,0
10.3,47.6,0.354,0.18,1,0.376,0
94.6,44.5,0.75,0.508,2,0.907,1
95.3,26.0,0.33,0.471,6,0.512,1
92.0,23.7,0.485,0.338,2,0.271,0
12.3,38.5,0.155,0.244,1,0.198,0
27.0,26.6,0.289,0.453,0,0.135,0
189.0,36.0,0.587,0.599,8,0.864,1
66.5,30.2,0.246,0.255,3,0.196,0
1.2,17.2,0.551,0.167,2,0.104,0
3.0,12.7,0.337,0.177,2,0.078,0
28.1,37.3,0.777,0.174,3,0.459,0
108.0,29.4,0.73,0.437,2,0.605,1
34.8,29.5,0.48,0.131,0,0.075,0
31.0,42.0,0.153,0.169,2,0.272,0
5.0,46.7,0.073,0.222,1,0.273,0
48.1,32.3,0.127,0.122,2,0.197,0
77.7,31.6,0.264,0.404,2,0.337,0
21.5,40.0,0.571,0.05,6,0.43,0
67.2,21.4,0.202,0.168,4,0.24,0
150.2,37.2,0.464,0.461,5,0.828,1
10.3,40.5,0.284,0.197,1,0.194,0
33.3,41.8,0.446,0.334,3,0.447,0
15.2,15.6,0.418,0.19,0,0.061,0
70.8,27.4,0.271,0.296,0,0.179,0
38.8,26.2,0.1,0.287,0,0.191,0
45.3,36.0,0.301,0.186,2,0.25,0
72.0,39.8,0.453,0.329,1,0.41,0
22.7,50.0,0.317,0.107,2,0.361,0
111.0,30.1,0.189,0.416,3,0.398,0
34.3,30.0,0.277,0.22,3,0.196,0
7.7,46.5,0.721,0.104,4,0.647,1
53.6,38.0,0.476,0.288,2,0.336,0
70.9,47.7,0.357,0.328,0,0.498,0
17.1,37.9,0.144,0.284,1,0.256,0
87.6,23.4,0.53,0.226,2,0.316,0
106.5,21.7,0.568,0.392,1,0.353,0
14.6,19.5,0.582,0.123,5,0.189,0
184.8,41.6,0.333,0.651,3,0.844,1
6.8,46.9,0.787,0.226,4,0.707,1
10.2,53.5,0.521,0.214,4,0.704,1
9.2,43.4,0.25,0.115,3,0.261,0
101.0,46.6,0.223,0.456,3,0.711,1
47.8,29.2,0.302,0.139,2,0.25,0
7.4,23.4,0.318,0.05,1,0.163,0
26.1,43.5,0.214,0.109,1,0.245,0
43.0,39.2,0.644,0.248,2,0.446,0
3.9,36.1,0.209,0.213,3,0.197,0
96.3,38.9,0.409,0.137,3,0.546,1
73.2,38.2,0.533,0.427,4,0.497,0
31.7,47.8,0.333,0.234,2,0.461,0
153.7,47.9,0.431,0.383,3,0.934,1
24.3,40.4,0.619,0.215,1,0.328,0
186.4,43.5,0.088,0.672,3,0.877,1
49.6,40.1,0.23,0.314,2,0.26,0
45.3,30.4,0.656,0.344,3,0.286,0
8.2,42.6,0.053,0.06,0,0.096,0
96.1,21.1,0.547,0.341,4,0.39,0
25.1,45.5,0.818,0.135,4,0.729,1
8.0,23.1,0.081,0.306,2,0.032,0
0.6,37.9,0.219,0.202,2,0.29,0
36.9,26.5,0.639,0.464,3,0.283,0
33.7,40.5,0.24,0.191,2,0.273,0
57.2,34.7,0.295,0.225,0,0.135,0
99.4,19.1,0.515,0.371,1,0.308,0
3.7,39.2,0.362,0.269,1,0.26,0
59.2,29.2,0.227,0.259,4,0.292,0
9.3,43.8,0.34,0.182,4,0.434,0
87.9,35.0,0.121,0.363,1,0.359,0
76.9,39.0,0.067,0.333,0,0.236,0
35.0,25.4,0.425,0.18,3,0.17,0
55.7,29.1,0.327,0.269,3,0.205,0
17.0,30.4,0.082,0.175,2,0.181,0
28.7,43.6,0.221,0.216,0,0.254,0
77.6,51.8,0.161,0.406,1,0.631,1
27.7,26.9,0.621,0.355,4,0.327,0
19.9,45.8,0.115,0.129,3,0.233,0
30.7,13.3,0.534,0.19,1,0.141,0
79.3,23.1,0.328,0.269,2,0.243,0
18.4,25.4,0.428,0.208,2,0.138,0
8.6,21.5,0.436,0.127,2,0.136,0
56.0,19.2,0.245,0.3,1,0.112,0
78.7,39.1,0.731,0.422,7,0.818,1
4.8,32.9,0.277,0.05,3,0.167,0
12.3,38.8,0.373,0.218,1,0.258,0
6.9,41.9,0.17,0.129,0,0.186,0
19.2,37.7,0.495,0.232,7,0.453,0
26.9,41.6,0.091,0.141,4,0.291,0
62.2,34.3,0.339,0.391,1,0.376,0
47.4,23.1,0.373,0.334,2,0.134,0
43.7,45.6,0.259,0.297,3,0.415,0
19.5,29.1,0.433,0.259,3,0.186,0
82.9,25.6,0.631,0.284,11,0.603,1
28.7,33.2,0.019,0.167,2,0.192,0
174.1,25.9,0.435,0.616,3,0.776,1
45.2,30.8,0.555,0.194,2,0.236,0
6.1,38.4,0.144,0.28,3,0.294,0
50.7,38.5,0.367,0.243,1,0.303,0
17.7,26.0,0.237,0.231,2,0.134,0
52.2,30.1,0.603,0.44,3,0.281,0
3.2,45.7,0.237,0.101,1,0.289,0
8.7,40.0,0.449,0.176,3,0.331,0
87.1,55.8,0.404,0.438,6,0.92,1
11.6,46.8,0.462,0.253,3,0.477,0
81.6,46.4,0.506,0.314,1,0.636,1
14.7,21.1,0.379,0.143,5,0.188,0
46.3,42.6,0.43,0.239,2,0.373,0
53.3,34.5,0.541,0.39,4,0.369,0
32.3,29.5,0.484,0.203,2,0.241,0
16.4,36.7,0.604,0.194,3,0.364,0
10.8,44.5,0.15,0.141,0,0.218,0
1.5,40.0,0.443,0.21,8,0.406,0
16.3,26.2,0.194,0.2,2,0.133,0
47.7,42.4,0.58,0.181,5,0.528,1
125.3,28.6,0.18,0.365,5,0.571,1
92.2,37.2,0.619,0.205,5,0.649,1
65.4,32.0,0.393,0.236,2,0.284,0
69.9,32.8,0.601,0.377,4,0.471,0
49.2,42.7,0.711,0.371,4,0.721,1
13.6,24.6,0.375,0.237,2,0.103,0
107.0,54.5,0.334,0.444,3,0.87,1
50.0,16.8,0.452,0.257,1,0.113,0
37.0,29.0,0.427,0.298,3,0.204,0
5.3,38.7,0.364,0.185,1,0.255,0
26.7,40.8,0.629,0.357,2,0.452,0
27.8,34.0,0.58,0.207,3,0.352,0
90.0,34.4,0.16,0.467,1,0.302,0
35.6,39.1,0.618,0.303,4,0.572,1
21.5,32.7,0.05,0.259,1,0.228,0
169.4,48.9,0.244,0.384,2,0.886,1
5.3,43.4,0.464,0.237,3,0.458,0
24.7,43.7,0.166,0.197,3,0.294,0
1.9,25.3,0.408,0.119,4,0.218,0
60.6,34.2,0.572,0.173,2,0.297,0
112.6,32.0,0.596,0.412,1,0.507,1
14.8,24.9,0.365,0.187,1,0.01,0
87.9,38.6,0.433,0.251,2,0.438,0
15.6,29.6,0.741,0.068,2,0.234,0
108.7,41.6,0.212,0.443,3,0.697,1
63.1,24.3,0.491,0.367,0,0.169,0
73.5,52.2,0.294,0.337,4,0.753,1
0.8,26.0,0.479,0.244,4,0.191,0
148.1,37.2,0.718,0.489,6,0.916,1
58.4,42.9,0.193,0.282,2,0.386,0
16.4,29.3,0.305,0.115,5,0.122,0
79.6,43.5,0.347,0.211,3,0.487,0
14.9,22.7,0.167,0.333,1,0.094,0
92.8,49.5,0.091,0.457,1,0.654,1
5.4,35.1,0.612,0.051,2,0.22,0
54.7,29.0,0.349,0.29,3,0.255,0
35.0,32.0,0.657,0.224,1,0.285,0
4.6,43.1,0.506,0.139,3,0.324,0
12.5,29.2,0.213,0.146,6,0.232,0
0.6,27.5,0.225,0.182,1,0.105,0
28.5,32.8,0.287,0.282,0,0.199,0
16.1,23.2,0.271,0.22,1,0.138,0
41.0,53.2,0.431,0.236,3,0.647,1
15.9,29.3,0.071,0.174,0,0.065,0
16.0,43.3,0.482,0.262,2,0.44,0
61.2,37.1,0.776,0.33,5,0.631,1
2.2,25.2,0.567,0.161,4,0.139,0
104.9,34.9,0.479,0.392,1,0.449,0
86.1,42.8,0.165,0.378,2,0.482,0
49.6,33.1,0.397,0.228,4,0.246,0
40.5,46.9,0.438,0.31,3,0.612,1
100.3,45.2,0.44,0.298,6,0.746,1
9.2,44.2,0.561,0.139,2,0.397,0
3.7,30.4,0.412,0.208,4,0.24,0
12.3,24.2,0.68,0.088,6,0.231,0
71.2,28.9,0.815,0.19,3,0.296,0
1.6,37.0,0.651,0.159,3,0.353,0
39.3,40.5,0.279,0.106,0,0.17,0
242.5,13.3,0.277,0.612,5,0.671,1
87.1,34.9,0.72,0.414,0,0.493,0
33.2,36.6,0.461,0.211,4,0.347,0
3.0,32.2,0.164,0.26,1,0.214,0
80.1,47.9,0.116,0.241,1,0.403,0
41.1,39.2,0.496,0.238,3,0.357,0
5.5,48.1,0.208,0.195,3,0.316,0
4.4,32.8,0.137,0.067,0,0.106,0
108.2,44.4,0.37,0.485,2,0.746,1
49.8,51.4,0.35,0.307,5,0.663,1
79.5,48.1,0.632,0.207,3,0.741,1
95.0,24.1,0.512,0.369,3,0.349,0
38.2,32.5,0.426,0.27,5,0.271,0
32.8,31.5,0.181,0.179,2,0.181,0
25.3,39.9,0.695,0.091,1,0.326,0
17.2,41.9,0.615,0.212,7,0.605,1
25.7,26.6,0.843,0.387,2,0.282,0
66.9,35.7,0.564,0.275,4,0.419,0
41.4,14.8,0.334,0.372,1,0.102,0
100.4,49.4,0.235,0.324,3,0.698,1
26.4,29.9,0.506,0.229,2,0.276,0
42.0,35.6,0.568,0.31,3,0.399,0
44.9,31.9,0.082,0.254,1,0.18,0
40.3,46.5,0.359,0.22,3,0.44,0
54.6,10.0,0.085,0.335,2,0.011,0
12.2,34.8,0.362,0.33,2,0.211,0
32.3,33.9,0.615,0.249,1,0.24,0
5.0,30.5,0.55,0.12,6,0.294,0
21.8,52.3,0.049,0.186,2,0.376,0
30.1,26.1,0.465,0.422,3,0.247,0
47.5,42.7,0.15,0.272,3,0.349,0
135.3,38.6,0.183,0.418,5,0.819,1
41.3,47.6,0.52,0.155,4,0.547,1
61.2,28.3,0.319,0.147,2,0.198,0
31.8,27.7,0.154,0.253,2,0.164,0
45.2,46.0,0.386,0.308,6,0.616,1
3.3,39.3,0.42,0.126,7,0.475,0
13.2,19.6,0.14,0.18,3,0.149,0
20.2,29.6,0.403,0.104,3,0.135,0
28.8,38.9,0.431,0.228,1,0.262,0
2.1,43.4,0.589,0.193,1,0.381,0
6.8,28.2,0.705,0.123,6,0.408,0
14.6,10.0,0.355,0.319,2,0.069,0
160.2,40.2,0.497,0.457,1,0.803,1
18.1,22.8,0.323,0.215,1,0.13,0
29.6,14.8,0.381,0.287,2,0.123,0
9.8,10.0,0.6,0.167,1,0.07,0
42.5,43.1,0.618,0.234,4,0.545,1
14.8,36.3,0.489,0.07,3,0.296,0
10.4,32.7,0.649,0.283,2,0.254,0
32.7,48.9,0.384,0.213,4,0.523,1
0.2,41.4,0.183,0.194,3,0.252,0
0.3,51.2,0.365,0.205,2,0.527,1
11.1,21.1,0.361,0.126,2,0.127,0
1.7,34.7,0.472,0.138,2,0.179,0
5.1,18.8,0.269,0.269,5,0.121,0
18.6,32.7,0.442,0.104,1,0.247,0
73.0,32.5,0.357,0.491,1,0.344,0
38.2,41.3,0.538,0.18,6,0.549,1
32.3,35.5,0.383,0.131,4,0.278,0
15.6,41.2,0.024,0.197,1,0.254,0
120.8,42.0,0.355,0.609,2,0.734,1
22.8,56.5,0.295,0.05,1,0.503,1
4.1,31.8,0.845,0.148,6,0.437,0
43.2,25.6,0.629,0.289,2,0.203,0
5.4,37.5,0.353,0.165,1,0.235,0
19.1,27.0,0.557,0.225,4,0.23,0
31.9,49.8,0.207,0.167,2,0.367,0
93.3,32.2,0.288,0.32,3,0.371,0
30.6,29.3,0.388,0.21,4,0.151,0
54.5,30.3,0.806,0.187,4,0.426,0
222.1,42.2,0.159,0.665,2,0.837,1
6.3,33.4,0.572,0.134,5,0.396,0
14.5,28.6,0.509,0.146,1,0.145,0
22.6,51.7,0.227,0.228,0,0.432,0
24.7,26.4,0.716,0.062,2,0.115,0
23.8,35.4,0.52,0.187,4,0.353,0
107.2,41.5,0.506,0.585,3,0.827,1
56.3,18.7,0.478,0.195,7,0.309,0
42.1,39.8,0.53,0.351,7,0.534,1
16.7,24.4,0.243,0.193,4,0.139,0
78.1,43.2,0.524,0.284,4,0.645,1
139.6,25.4,0.655,0.37,3,0.674,1
77.5,41.9,0.264,0.342,7,0.627,1
0.1,46.1,0.55,0.266,6,0.625,1
45.5,43.6,0.296,0.225,2,0.406,0
2.4,37.5,0.408,0.149,4,0.403,0
13.4,32.7,0.218,0.262,3,0.212,0
2.8,29.2,0.241,0.184,2,0.169,0
41.7,49.7,0.322,0.121,3,0.457,0
52.2,28.0,0.398,0.28,1,0.23,0
5.5,24.6,0.216,0.284,2,0.166,0
21.8,41.7,0.467,0.198,3,0.331,0
27.4,27.0,0.197,0.05,2,0.105,0
20.7,25.5,0.445,0.229,4,0.163,0
5.8,20.6,0.522,0.148,5,0.291,0
24.4,30.2,0.28,0.061,2,0.177,0
62.6,34.2,0.638,0.162,4,0.374,0
3.3,37.4,0.377,0.236,3,0.256,0
3.8,44.5,0.387,0.1,2,0.345,0
19.7,40.3,0.57,0.123,6,0.507,1
127.9,33.1,0.507,0.446,1,0.672,1
49.7,33.0,0.426,0.214,2,0.224,0
51.1,40.1,0.121,0.277,4,0.347,0
20.2,47.7,0.464,0.181,3,0.491,0
40.5,36.3,0.085,0.149,1,0.132,0
0.5,30.3,0.211,0.11,3,0.128,0
45.5,25.1,0.157,0.292,2,0.165,0
110.0,20.5,0.499,0.41,4,0.442,0
42.7,41.7,0.303,0.243,3,0.373,0
93.1,40.8,0.48,0.522,2,0.674,1
57.9,40.8,0.182,0.344,1,0.354,0
5.8,33.7,0.284,0.232,2,0.165,0
104.7,49.1,0.192,0.381,1,0.69,1
3.1,30.2,0.691,0.175,3,0.294,0
34.4,44.6,0.23,0.196,0,0.241,0
6.9,34.6,0.249,0.228,4,0.255,0
0.5,28.9,0.627,0.142,2,0.187,0
24.7,40.9,0.447,0.225,1,0.383,0
15.7,39.1,0.449,0.2,3,0.326,0
29.9,38.6,0.251,0.218,1,0.236,0
38.7,35.8,0.484,0.475,5,0.45,0
2.0,34.6,0.297,0.101,1,0.142,0
5.9,58.9,0.468,0.11,3,0.687,1
36.8,46.8,0.568,0.291,3,0.642,1
18.9,42.2,0.413,0.147,1,0.308,0
58.8,36.1,0.726,0.264,5,0.534,1
47.5,45.1,0.521,0.174,6,0.56,1
84.1,40.2,0.374,0.385,0,0.417,0
53.1,35.3,0.792,0.314,5,0.557,1
25.3,32.0,0.104,0.184,3,0.172,0
50.3,34.2,0.288,0.325,2,0.198,0
14.5,10.0,0.477,0.05,3,0.099,0
16.5,37.1,0.473,0.132,1,0.234,0
70.0,30.1,0.038,0.3,1,0.226,0
26.6,50.9,0.323,0.118,3,0.458,0
72.1,35.2,0.5,0.178,4,0.384,0
77.8,23.1,0.429,0.307,3,0.184,0
87.7,34.5,0.645,0.41,2,0.567,1
111.8,24.5,0.301,0.513,3,0.476,0
25.4,39.7,0.713,0.165,3,0.448,0
17.3,37.9,0.333,0.249,1,0.176,0
39.3,44.6,0.577,0.293,2,0.465,0
20.9,27.1,0.257,0.296,3,0.155,0
41.4,35.3,0.824,0.218,3,0.502,1
55.0,21.3,0.323,0.135,3,0.167,0
52.5,42.0,0.657,0.278,2,0.457,0
21.1,40.2,0.395,0.118,3,0.314,0
8.2,40.0,0.775,0.111,2,0.384,0
25.3,35.0,0.211,0.185,3,0.198,0
6.9,39.1,0.548,0.139,3,0.373,0
99.4,51.0,0.792,0.393,4,0.986,1
19.1,32.1,0.423,0.251,2,0.258,0
7.6,36.4,0.466,0.138,2,0.239,0
1.2,24.1,0.339,0.184,4,0.204,0
46.7,26.3,0.066,0.26,0,0.089,0
45.6,36.0,0.114,0.331,0,0.171,0
18.7,46.0,0.598,0.179,5,0.582,1
3.3,32.4,0.33,0.151,1,0.159,0
23.7,32.6,0.233,0.175,2,0.126,0
16.8,30.9,0.95,0.176,2,0.367,0
50.9,29.7,0.142,0.206,4,0.275,0
41.9,37.9,0.3,0.177,1,0.179,0
20.4,20.0,0.034,0.26,1,0.038,0
11.1,47.8,0.162,0.089,3,0.275,0
199.2,28.3,0.686,0.589,4,0.976,1
27.2,42.2,0.344,0.295,3,0.394,0
52.5,22.3,0.57,0.244,2,0.164,0
6.8,41.7,0.637,0.232,1,0.394,0
29.9,41.7,0.275,0.173,7,0.456,0
1.3,38.8,0.133,0.069,4,0.21,0
31.7,25.1,0.37,0.096,3,0.137,0
149.6,37.5,0.499,0.604,6,0.901,1
21.8,23.2,0.493,0.11,1,0.091,0
1.8,32.5,0.851,0.214,3,0.372,0
1.4,45.3,0.841,0.073,7,0.755,1
22.1,43.0,0.49,0.307,3,0.415,0
7.8,35.2,0.319,0.345,1,0.317,0
1.1,25.3,0.224,0.05,1,0.133,0
63.5,41.5,0.714,0.211,4,0.558,1
27.6,35.2,0.254,0.276,1,0.097,0
15.4,11.8,0.552,0.227,6,0.129,0
103.7,42.8,0.544,0.454,1,0.741,1
5.6,34.8,0.255,0.117,1,0.179,0
140.5,47.0,0.466,0.637,3,0.93,1
17.0,24.0,0.336,0.199,2,0.111,0
98.7,10.0,0.269,0.283,3,0.164,0
41.6,37.8,0.227,0.227,3,0.256,0
78.9,37.9,0.489,0.238,2,0.371,0
186.1,18.1,0.267,0.712,2,0.592,1
15.3,25.2,0.274,0.133,2,0.183,0
146.1,60.0,0.279,0.53,5,0.954,1
22.2,31.9,0.375,0.164,1,0.192,0
21.9,42.3,0.711,0.152,5,0.599,1
18.7,28.5,0.267,0.05,3,0.114,0
35.1,14.1,0.377,0.28,2,0.068,0
7.5,33.3,0.692,0.272,1,0.321,0
36.3,32.3,0.301,0.161,4,0.202,0
35.1,31.0,0.215,0.108,0,0.122,0
64.6,33.9,0.345,0.365,4,0.441,0
80.7,37.6,0.491,0.207,4,0.518,1
26.1,33.5,0.268,0.309,3,0.242,0
16.2,22.4,0.449,0.115,3,0.179,0
13.5,39.9,0.554,0.093,6,0.438,0
9.7,15.5,0.472,0.193,1,0.129,0
2.7,14.5,0.057,0.073,3,0.01,0
18.9,42.4,0.692,0.137,4,0.506,1
14.2,40.1,0.211,0.211,5,0.252,0
152.7,34.4,0.262,0.312,7,0.827,1
36.7,21.0,0.46,0.367,3,0.162,0
19.2,27.9,0.536,0.198,4,0.291,0
39.1,32.4,0.825,0.138,7,0.54,1
6.7,19.0,0.204,0.084,0,0.053,0
26.4,27.6,0.489,0.291,2,0.177,0
44.3,41.5,0.548,0.301,4,0.528,1
30.2,49.3,0.309,0.331,1,0.429,0
23.1,30.8,0.694,0.149,3,0.273,0
229.1,42.6,0.363,0.708,3,0.983,1
95.5,15.9,0.496,0.407,3,0.229,0
43.9,41.6,0.712,0.308,2,0.526,1
37.9,27.0,0.513,0.329,0,0.148,0
43.6,38.1,0.549,0.194,2,0.457,0
10.1,32.5,0.049,0.164,2,0.176,0
22.6,48.2,0.2,0.154,1,0.352,0
1.8,26.3,0.486,0.15,2,0.186,0
29.0,41.3,0.372,0.274,1,0.331,0
35.2,32.2,0.555,0.1,2,0.24,0
11.6,33.4,0.188,0.266,0,0.16,0
149.6,33.2,0.179,0.408,5,0.696,1
108.1,26.5,0.087,0.378,3,0.394,0
57.6,34.9,0.76,0.384,2,0.471,0
34.3,34.4,0.694,0.256,4,0.432,0
91.8,37.4,0.188,0.391,3,0.449,0
6.3,35.8,0.416,0.07,4,0.292,0
70.3,43.0,0.344,0.231,4,0.522,1
6.0,44.2,0.242,0.239,2,0.195,0
71.1,24.5,0.189,0.269,1,0.142,0
14.5,43.7,0.223,0.144,1,0.169,0
94.3,23.1,0.647,0.447,3,0.403,0
129.7,40.9,0.707,0.369,5,0.889,1
7.2,41.2,0.603,0.188,2,0.434,0
28.0,15.9,0.441,0.219,3,0.13,0
178.3,35.9,0.182,0.566,3,0.788,1
29.7,30.3,0.383,0.178,5,0.298,0
89.6,27.4,0.743,0.313,3,0.432,0
40.0,48.5,0.515,0.157,1,0.445,0
21.2,28.5,0.13,0.238,1,0.144,0
15.1,26.9,0.393,0.132,4,0.256,0
10.2,35.8,0.147,0.251,1,0.208,0
64.6,41.9,0.552,0.283,2,0.507,1
22.0,33.6,0.218,0.117,2,0.283,0
32.2,46.7,0.244,0.206,2,0.326,0
30.5,40.3,0.521,0.188,2,0.31,0
38.7,13.2,0.038,0.321,0,0.075,0
90.3,29.7,0.25,0.331,0,0.307,0
177.7,29.4,0.183,0.543,2,0.663,1
23.6,39.8,0.272,0.318,5,0.456,0
79.1,10.0,0.453,0.375,2,0.078,0
65.1,60.0,0.588,0.435,4,0.958,1
38.3,40.3,0.709,0.34,4,0.598,1
140.6,36.5,0.447,0.407,2,0.712,1
10.1,46.8,0.565,0.253,2,0.493,0
5.2,58.4,0.263,0.284,3,0.745,1
86.6,43.7,0.034,0.475,0,0.457,0
26.0,44.5,0.392,0.29,2,0.315,0
84.5,36.3,0.432,0.424,3,0.494,0
100.6,33.6,0.303,0.361,3,0.463,0
2.9,30.2,0.393,0.09,2,0.167,0
96.7,26.7,0.355,0.348,3,0.348,0
26.8,28.1,0.29,0.079,3,0.112,0
32.1,21.5,0.498,0.332,2,0.215,0
44.3,34.2,0.576,0.231,5,0.442,0
117.4,18.2,0.533,0.527,6,0.542,1
0.9,36.9,0.422,0.054,4,0.249,0
29.2,34.6,0.297,0.305,2,0.206,0
52.4,36.5,0.136,0.233,4,0.182,0
57.7,29.8,0.446,0.182,2,0.233,0
53.1,60.0,0.562,0.404,4,0.979,1
6.5,48.6,0.22,0.254,3,0.428,0
16.0,22.6,0.517,0.204,6,0.23,0
20.0,37.3,0.247,0.199,1,0.202,0
73.4,28.9,0.833,0.357,2,0.391,0
14.7,24.9,0.203,0.2,1,0.092,0
10.6,21.6,0.206,0.111,1,0.088,0
142.1,39.3,0.581,0.449,6,0.934,1
0.4,28.2,0.272,0.308,3,0.238,0
275.8,44.7,0.695,0.99,2,0.978,1
50.8,44.9,0.476,0.394,3,0.526,1
79.3,48.7,0.653,0.373,1,0.771,1
15.7,26.5,0.213,0.16,2,0.214,0
0.6,39.8,0.243,0.088,0,0.13,0
60.3,41.3,0.417,0.232,1,0.38,0
80.8,30.3,0.568,0.294,4,0.467,0
60.7,27.3,0.082,0.464,0,0.135,0
6.9,51.1,0.584,0.311,3,0.682,1
63.0,37.3,0.449,0.357,5,0.504,1
65.9,41.4,0.52,0.227,2,0.452,0
48.4,26.8,0.291,0.334,2,0.208,0
65.4,22.8,0.682,0.283,5,0.398,0
84.2,29.3,0.128,0.174,1,0.214,0
42.8,33.8,0.482,0.273,1,0.192,0
4.2,24.4,0.645,0.092,2,0.159,0
30.1,34.9,0.186,0.156,2,0.198,0
3.6,18.1,0.077,0.138,1,0.131,0
23.6,23.8,0.628,0.165,2,0.157,0
23.5,41.7,0.579,0.202,5,0.487,0
3.1,41.0,0.335,0.151,2,0.21,0
19.3,31.1,0.415,0.05,3,0.214,0
5.3,24.8,0.445,0.284,1,0.271,0
74.3,24.7,0.611,0.245,1,0.213,0
132.8,31.3,0.433,0.384,1,0.61,1
3.4,41.4,0.199,0.132,3,0.239,0
139.7,44.3,0.189,0.467,1,0.717,1
33.3,30.0,0.668,0.344,3,0.332,0
16.0,23.5,0.121,0.209,2,0.119,0
3.6,37.7,0.563,0.204,7,0.386,0
31.2,26.8,0.274,0.245,0,0.184,0
71.2,29.8,0.055,0.335,2,0.23,0
55.3,48.3,0.537,0.304,4,0.686,1
2.3,43.3,0.454,0.05,2,0.28,0
3.4,36.6,0.387,0.138,2,0.239,0
23.2,22.3,0.273,0.297,2,0.148,0
15.7,37.1,0.774,0.502,1,0.519,1
11.9,45.6,0.399,0.081,0,0.31,0
14.8,31.2,0.334,0.218,1,0.214,0
73.2,48.5,0.219,0.275,2,0.578,1
119.2,47.9,0.181,0.592,2,0.772,1
23.4,51.6,0.524,0.096,2,0.513,1
106.5,38.1,0.312,0.448,6,0.72,1
17.5,40.9,0.017,0.078,0,0.119,0
29.1,49.1,0.24,0.192,2,0.367,0
11.5,39.5,0.622,0.174,4,0.442,0
46.0,30.0,0.539,0.343,2,0.292,0
173.8,30.5,0.252,0.469,2,0.761,1
41.6,37.4,0.598,0.3,2,0.367,0
19.9,22.1,0.674,0.198,4,0.224,0
47.0,33.6,0.742,0.281,3,0.42,0
5.9,46.0,0.644,0.24,1,0.503,1
98.8,13.1,0.36,0.278,2,0.169,0
31.5,50.3,0.489,0.288,3,0.595,1
26.8,46.2,0.452,0.167,6,0.585,1
39.7,30.4,0.659,0.33,2,0.255,0
44.1,40.4,0.475,0.28,6,0.449,0
3.4,35.0,0.116,0.141,4,0.214,0
51.6,47.3,0.058,0.223,1,0.366,0
12.5,44.8,0.584,0.245,6,0.513,1
56.3,21.0,0.303,0.382,7,0.268,0
77.8,40.9,0.38,0.289,3,0.5,0
73.3,32.9,0.127,0.23,1,0.139,0
36.2,35.8,0.071,0.29,2,0.197,0
33.0,27.7,0.541,0.111,5,0.209,0
6.9,52.5,0.7,0.062,3,0.644,1
67.2,45.4,0.406,0.222,3,0.49,0
14.2,27.6,0.502,0.15,3,0.147,0
30.9,21.7,0.348,0.115,2,0.074,0
15.1,31.1,0.583,0.05,3,0.219,0
6.5,39.3,0.589,0.074,3,0.418,0
44.7,37.4,0.604,0.306,3,0.451,0
2.5,47.5,0.446,0.054,1,0.373,0
62.1,42.9,0.228,0.268,2,0.39,0
17.2,44.7,0.357,0.346,1,0.342,0
0.0,38.3,0.562,0.146,4,0.372,0
32.2,21.1,0.455,0.253,4,0.222,0
2.2,33.0,0.279,0.079,3,0.22,0
14.5,45.6,0.525,0.357,7,0.702,1
55.2,34.5,0.289,0.236,4,0.321,0
2.9,40.0,0.325,0.139,3,0.374,0
82.3,31.8,0.547,0.447,3,0.48,0
0.2,24.7,0.577,0.136,7,0.266,0
12.8,33.8,0.189,0.184,1,0.153,0
60.8,38.1,0.503,0.269,2,0.329,0
17.1,28.4,0.252,0.168,3,0.263,0
4.8,32.6,0.325,0.191,2,0.25,0
20.1,25.6,0.075,0.241,1,0.116,0
14.2,46.2,0.72,0.132,2,0.63,1
83.2,32.1,0.669,0.283,2,0.444,0
16.9,49.5,0.753,0.141,6,0.767,1
70.0,50.3,0.544,0.201,8,0.86,1
100.1,34.2,0.276,0.256,4,0.491,0
25.6,24.9,0.393,0.234,1,0.167,0
108.3,14.1,0.156,0.478,3,0.225,0
21.3,20.3,0.651,0.269,6,0.214,0
149.7,21.3,0.427,0.309,2,0.602,1
4.2,48.8,0.411,0.14,5,0.598,1
52.3,36.2,0.55,0.184,3,0.401,0
30.6,38.9,0.27,0.233,2,0.346,0
22.1,12.8,0.252,0.168,3,0.121,0
45.1,23.0,0.223,0.303,4,0.204,0
54.8,43.9,0.348,0.276,3,0.403,0
0.2,37.9,0.307,0.05,4,0.229,0
8.2,33.5,0.329,0.092,3,0.122,0
56.2,40.6,0.487,0.282,4,0.466,0
49.4,51.4,0.654,0.272,3,0.692,1
152.2,32.8,0.577,0.393,4,0.858,1
64.4,35.7,0.633,0.177,4,0.448,0
135.5,36.9,0.38,0.471,3,0.678,1
54.6,58.9,0.509,0.165,1,0.772,1
15.9,14.0,0.276,0.054,1,0.153,0
5.0,41.8,0.732,0.126,4,0.506,1
68.5,33.9,0.347,0.271,5,0.342,0
46.5,40.7,0.664,0.188,3,0.402,0
2.2,28.4,0.422,0.099,2,0.085,0
20.1,34.5,0.34,0.198,5,0.317,0
141.4,42.1,0.52,0.422,2,0.832,1
31.2,60.0,0.703,0.229,3,0.921,1
25.5,43.1,0.263,0.179,2,0.273,0
27.5,26.5,0.341,0.228,2,0.151,0
10.5,30.8,0.155,0.245,0,0.075,0
20.7,30.5,0.67,0.265,2,0.274,0
20.8,17.0,0.187,0.302,2,0.045,0
2.4,31.7,0.758,0.223,7,0.439,0
65.7,42.3,0.693,0.322,3,0.68,1
24.2,22.3,0.21,0.172,2,0.133,0
77.7,45.5,0.259,0.3,3,0.545,1
85.5,39.9,0.617,0.279,4,0.716,1
10.7,27.7,0.406,0.175,0,0.121,0
48.2,33.6,0.026,0.318,1,0.175,0
28.8,51.0,0.362,0.159,5,0.57,1
95.5,42.3,0.405,0.37,5,0.679,1
10.9,35.1,0.577,0.121,4,0.271,0
51.0,32.6,0.188,0.286,2,0.213,0
42.1,35.8,0.864,0.204,4,0.548,1
15.7,29.9,0.595,0.128,3,0.244,0
6.6,14.0,0.82,0.111,4,0.147,0
47.5,55.4,0.476,0.301,4,0.842,1
60.4,36.6,0.028,0.283,2,0.236,0
17.1,39.0,0.372,0.156,2,0.238,0
46.6,34.4,0.484,0.28,3,0.279,0
22.6,27.6,0.1,0.17,0,0.041,0
56.2,33.1,0.09,0.371,2,0.279,0
10.0,19.0,0.588,0.095,2,0.091,0
99.4,57.8,0.157,0.367,2,0.791,1
15.2,22.7,0.577,0.073,4,0.16,0
20.6,24.7,0.362,0.17,2,0.128,0
2.7,30.6,0.619,0.05,2,0.261,0
5.3,47.9,0.43,0.222,5,0.548,1
32.6,35.1,0.508,0.287,4,0.459,0
14.0,22.6,0.15,0.245,3,0.137,0
81.2,47.5,0.618,0.342,5,0.9,1
0.7,42.3,0.845,0.081,5,0.651,1
21.4,40.4,0.526,0.136,1,0.301,0
18.5,42.2,0.104,0.316,1,0.307,0
0.9,58.9,0.241,0.267,3,0.751,1
6.0,56.9,0.59,0.174,1,0.764,1
24.0,28.1,0.567,0.165,2,0.283,0
30.6,51.2,0.672,0.331,7,0.854,1
23.3,38.8,0.229,0.149,1,0.159,0
34.1,40.0,0.176,0.248,2,0.228,0
40.7,18.1,0.156,0.353,1,0.17,0
0.4,33.3,0.316,0.084,3,0.253,0
28.1,26.9,0.339,0.282,4,0.19,0
149.0,43.3,0.676,0.539,3,0.847,1
32.9,45.7,0.37,0.224,3,0.421,0
50.9,14.3,0.485,0.189,5,0.126,0
16.8,34.8,0.584,0.131,1,0.207,0
66.9,46.2,0.448,0.329,1,0.477,0
66.7,33.1,0.485,0.192,3,0.251,0
33.2,42.3,0.112,0.238,3,0.371,0
167.9,38.5,0.407,0.585,1,0.807,1
6.0,38.4,0.762,0.243,0,0.422,0
0.8,32.3,0.392,0.05,2,0.161,0
66.2,22.8,0.254,0.41,1,0.114,0
74.1,23.8,0.309,0.458,3,0.264,0
5.8,42.1,0.441,0.196,2,0.313,0
13.9,35.2,0.485,0.099,1,0.191,0
0.8,33.6,0.437,0.126,3,0.232,0
15.6,30.8,0.503,0.183,5,0.252,0
66.8,31.9,0.692,0.327,1,0.28,0
32.8,45.5,0.328,0.228,0,0.304,0
19.3,31.6,0.664,0.217,1,0.274,0
20.9,21.6,0.468,0.192,2,0.097,0
0.1,42.4,0.428,0.171,2,0.325,0
16.0,33.0,0.396,0.151,2,0.257,0
46.8,35.3,0.158,0.232,2,0.211,0
164.6,51.1,0.726,0.488,4,0.99,1
84.5,34.8,0.283,0.501,3,0.434,0
1.1,37.9,0.345,0.27,2,0.231,0
103.0,23.2,0.929,0.435,2,0.493,0
68.8,32.8,0.382,0.417,5,0.377,0
68.2,41.1,0.402,0.373,3,0.497,0
27.6,19.4,0.197,0.229,6,0.214,0
22.8,37.0,0.169,0.083,1,0.196,0
16.2,36.0,0.05,0.167,1,0.139,0
3.1,35.4,0.036,0.13,1,0.186,0
11.7,45.4,0.521,0.087,0,0.323,0
12.7,38.3,0.296,0.061,4,0.265,0
29.8,49.8,0.007,0.259,0,0.154,0
61.9,25.1,0.781,0.32,7,0.425,0
28.9,36.4,0.621,0.124,4,0.298,0
2.7,35.8,0.31,0.097,3,0.243,0
142.4,24.3,0.696,0.575,3,0.724,1
128.7,44.6,0.576,0.38,4,0.846,1
69.2,58.2,0.39,0.325,2,0.839,1
213.6,34.8,0.124,0.633,2,0.733,1
35.4,40.1,0.348,0.273,3,0.299,0
148.1,35.8,0.325,0.427,2,0.703,1
3.5,27.9,0.235,0.165,1,0.145,0
20.5,16.8,0.453,0.211,7,0.262,0
11.5,27.9,0.575,0.195,3,0.192,0
9.8,21.1,0.378,0.179,5,0.229,0
6.8,52.0,0.106,0.194,0,0.322,0
43.8,33.8,0.184,0.428,4,0.304,0
68.4,31.5,0.789,0.515,4,0.571,1
38.9,43.9,0.071,0.19,1,0.232,0
7.2,23.8,0.396,0.05,1,0.126,0
75.0,27.3,0.301,0.373,1,0.244,0
45.5,35.7,0.482,0.271,4,0.328,0
22.1,45.3,0.466,0.286,2,0.44,0
50.5,40.0,0.412,0.291,3,0.457,0
13.5,37.5,0.624,0.186,0,0.269,0
19.1,35.8,0.495,0.285,0,0.238,0
112.3,39.0,0.403,0.513,4,0.783,1
15.4,37.0,0.468,0.075,5,0.304,0
28.6,24.7,0.681,0.151,4,0.229,0
99.4,35.5,0.389,0.373,4,0.591,1
55.4,24.3,0.648,0.287,6,0.386,0
2.9,35.8,0.634,0.139,3,0.219,0
7.2,30.2,0.181,0.201,1,0.106,0
0.4,60.0,0.193,0.231,0,0.551,1
44.9,34.6,0.487,0.392,2,0.311,0
26.7,21.0,0.688,0.259,1,0.107,0
6.5,33.7,0.251,0.097,7,0.328,0
142.6,40.2,0.445,0.471,3,0.846,1
33.9,51.7,0.509,0.223,2,0.649,1
12.5,29.1,0.041,0.22,3,0.196,0
31.2,19.2,0.507,0.254,5,0.219,0
51.2,43.2,0.242,0.434,4,0.46,0
3.6,21.2,0.401,0.121,4,0.156,0
14.5,30.6,0.08,0.215,2,0.132,0
74.0,32.4,0.235,0.511,1,0.222,0
27.7,34.3,0.408,0.168,6,0.378,0
35.6,41.9,0.39,0.245,0,0.275,0
25.5,28.2,0.278,0.134,6,0.182,0
2.0,32.3,0.364,0.161,3,0.229,0
8.2,34.9,0.505,0.107,2,0.216,0
26.5,36.5,0.416,0.296,3,0.226,0
10.6,36.0,0.164,0.186,4,0.186,0
2.3,39.4,0.131,0.081,1,0.142,0
83.5,43.4,0.594,0.412,2,0.681,1
178.8,38.9,0.474,0.582,4,0.94,1
70.9,39.5,0.475,0.392,1,0.456,0
86.5,19.2,0.339,0.26,3,0.248,0
12.5,35.5,0.235,0.209,2,0.2,0
145.6,39.8,0.221,0.552,0,0.792,1
9.9,42.3,0.54,0.139,3,0.414,0
136.1,28.1,0.199,0.367,0,0.472,0
236.8,28.4,0.446,0.699,2,0.82,1
56.0,29.3,0.461,0.379,1,0.207,0
178.7,40.4,0.147,0.657,3,0.858,1
37.9,45.3,0.326,0.204,1,0.249,0
13.5,30.9,0.533,0.079,2,0.174,0
25.9,44.1,0.361,0.176,3,0.44,0
40.5,36.2,0.078,0.207,2,0.206,0
3.4,33.8,0.711,0.194,5,0.405,0
43.8,32.9,0.355,0.244,0,0.216,0
178.8,42.5,0.174,0.507,1,0.836,1
9.5,38.3,0.753,0.26,4,0.48,0
70.8,57.8,0.14,0.326,4,0.766,1
107.3,26.5,0.489,0.435,2,0.389,0
129.5,40.2,0.418,0.314,4,0.787,1
145.0,29.7,0.259,0.294,1,0.524,1
33.2,26.3,0.152,0.112,0,0.137,0
170.4,34.9,0.627,0.509,4,0.87,1
63.7,36.4,0.32,0.345,3,0.314,0
7.9,60.0,0.529,0.05,5,0.816,1
29.2,33.2,0.046,0.345,4,0.249,0
57.0,23.7,0.582,0.297,4,0.207,0
12.8,37.7,0.648,0.289,0,0.289,0
46.1,14.3,0.51,0.187,1,0.101,0
49.4,34.1,0.222,0.306,0,0.235,0
8.0,35.2,0.334,0.175,3,0.132,0
37.5,42.9,0.437,0.303,2,0.429,0
66.5,44.7,0.337,0.286,2,0.435,0
31.1,30.0,0.285,0.26,3,0.183,0
0.5,33.5,0.65,0.239,2,0.257,0
0.4,27.3,0.233,0.099,2,0.116,0
19.9,23.7,0.666,0.216,2,0.2,0
117.3,38.1,0.292,0.273,3,0.588,1
11.7,22.3,0.436,0.233,1,0.185,0
45.3,30.9,0.641,0.412,3,0.376,0
11.3,25.0,0.191,0.077,1,0.111,0
17.5,40.5,0.239,0.183,4,0.302,0
84.8,53.0,0.309,0.418,2,0.8,1
58.7,22.0,0.378,0.29,2,0.217,0
4.5,16.5,0.756,0.174,7,0.186,0
25.2,33.8,0.088,0.178,1,0.121,0
1.3,35.2,0.308,0.119,1,0.194,0
29.5,37.2,0.333,0.212,9,0.519,1
48.9,30.5,0.53,0.267,6,0.363,0
5.7,33.0,0.333,0.069,2,0.141,0
15.3,38.7,0.164,0.181,3,0.243,0
22.8,45.4,0.366,0.329,3,0.517,1
113.4,15.4,0.2,0.381,1,0.254,0
225.0,31.3,0.611,0.576,5,0.848,1
2.1,37.1,0.776,0.143,4,0.449,0
64.4,25.8,0.46,0.243,2,0.238,0
20.9,52.3,0.136,0.092,2,0.362,0
22.4,28.6,0.177,0.213,4,0.242,0
63.2,34.6,0.318,0.241,1,0.271,0
112.8,40.6,0.688,0.363,9,0.908,1
135.7,29.1,0.171,0.479,1,0.531,1
38.7,16.5,0.317,0.118,4,0.061,0
19.9,30.7,0.066,0.057,2,0.183,0
69.7,45.3,0.416,0.366,6,0.672,1
13.0,31.6,0.134,0.05,1,0.108,0
37.4,26.5,0.144,0.159,1,0.099,0
20.0,44.3,0.64,0.053,5,0.533,1
48.1,31.7,0.422,0.223,5,0.269,0
12.4,29.9,0.503,0.213,2,0.159,0
9.6,36.5,0.208,0.181,2,0.198,0
112.7,42.7,0.663,0.604,7,0.909,1
4.8,58.8,0.565,0.248,7,0.931,1
31.7,43.3,0.399,0.15,2,0.306,0
11.2,46.6,0.181,0.08,3,0.374,0
1.8,29.9,0.67,0.371,5,0.399,0
1.7,24.7,0.145,0.239,1,0.136,0
8.7,35.6,0.437,0.217,3,0.248,0
90.7,36.1,0.102,0.368,8,0.679,1
14.9,24.2,0.764,0.207,6,0.292,0
135.2,33.2,0.359,0.347,2,0.609,1
39.2,39.0,0.129,0.254,1,0.243,0
25.8,38.6,0.102,0.216,1,0.199,0
39.0,40.0,0.621,0.169,3,0.385,0
32.7,37.9,0.277,0.183,2,0.325,0
64.0,29.9,0.037,0.421,1,0.223,0
14.9,29.9,0.342,0.175,5,0.241,0
19.6,23.0,0.881,0.361,2,0.346,0
101.0,52.8,0.264,0.246,4,0.816,1
131.7,35.1,0.858,0.416,5,0.901,1
100.4,32.8,0.718,0.26,2,0.632,1
24.5,25.7,0.528,0.11,4,0.228,0
68.2,60.0,0.196,0.243,3,0.797,1
29.1,24.3,0.536,0.243,4,0.198,0
31.0,30.7,0.347,0.244,3,0.219,0
10.3,39.2,0.401,0.12,2,0.235,0
40.2,41.0,0.242,0.066,5,0.39,0
9.3,44.6,0.269,0.29,2,0.279,0
18.1,53.1,0.458,0.169,1,0.592,1
86.9,40.1,0.454,0.263,3,0.486,0
10.4,24.4,0.058,0.196,0,0.087,0
3.3,32.4,0.611,0.174,2,0.228,0
3.2,38.1,0.331,0.132,4,0.261,0
127.2,55.7,0.218,0.459,1,0.925,1
31.8,21.0,0.653,0.132,5,0.213,0
23.7,47.0,0.351,0.266,4,0.47,0
74.9,36.8,0.321,0.245,0,0.271,0
81.3,43.4,0.509,0.291,2,0.533,1
18.2,34.0,0.299,0.244,2,0.185,0
53.2,26.6,0.057,0.371,1,0.084,0
66.4,42.5,0.182,0.432,2,0.385,0
47.8,41.5,0.653,0.346,3,0.584,1
7.4,44.7,0.139,0.141,4,0.325,0
93.9,34.9,0.518,0.246,1,0.483,0
34.9,29.0,0.486,0.344,2,0.325,0
14.9,19.4,0.558,0.295,5,0.179,0
24.9,43.2,0.363,0.154,2,0.28,0
1.7,39.2,0.171,0.228,1,0.247,0
6.2,25.3,0.313,0.138,2,0.145,0
65.3,29.6,0.326,0.422,2,0.297,0
0.0,30.3,0.713,0.109,2,0.244,0
24.2,20.2,0.576,0.365,4,0.187,0
33.3,26.8,0.203,0.291,2,0.146,0
2.5,23.7,0.545,0.3,5,0.25,0
162.7,30.9,0.094,0.492,2,0.659,1
11.5,27.6,0.429,0.209,1,0.196,0
16.3,18.7,0.388,0.111,1,0.042,0
16.3,55.2,0.204,0.256,2,0.592,1
11.8,47.5,0.102,0.249,3,0.287,0
0.1,27.2,0.182,0.342,4,0.197,0
58.8,37.7,0.189,0.326,4,0.335,0
153.3,39.2,0.17,0.566,6,0.806,1
11.4,46.9,0.515,0.139,3,0.387,0
49.0,26.8,0.055,0.308,1,0.092,0
60.9,45.9,0.639,0.262,4,0.683,1
84.9,29.5,0.174,0.357,2,0.249,0
24.7,21.6,0.462,0.222,3,0.114,0
16.2,42.2,0.525,0.16,3,0.444,0
17.7,47.9,0.625,0.196,3,0.546,1
56.1,60.0,0.53,0.251,1,0.888,1
76.4,23.0,0.238,0.298,1,0.133,0
9.0,42.0,0.21,0.257,5,0.33,0
20.9,30.9,0.521,0.213,1,0.167,0
104.5,42.8,0.571,0.422,2,0.773,1
74.0,20.3,0.372,0.206,2,0.116,0
188.6,22.4,0.157,0.624,1,0.612,1
63.2,27.2,0.374,0.34,1,0.155,0
22.5,35.8,0.456,0.171,6,0.34,0
40.2,28.6,0.151,0.411,3,0.217,0
48.7,41.6,0.461,0.08,5,0.513,1
3.7,45.3,0.266,0.221,2,0.292,0
35.4,41.0,0.253,0.29,2,0.328,0
55.6,51.2,0.418,0.323,1,0.583,1
8.2,39.2,0.619,0.183,4,0.399,0
68.3,22.8,0.539,0.353,3,0.285,0
39.4,48.6,0.502,0.311,2,0.546,1
136.9,28.9,0.901,0.411,1,0.724,1
2.0,44.1,0.629,0.178,0,0.396,0
13.9,50.7,0.424,0.168,3,0.591,1
41.4,39.6,0.308,0.159,3,0.325,0
15.8,20.0,0.569,0.244,2,0.08,0
56.4,25.8,0.506,0.236,5,0.256,0
64.0,48.2,0.133,0.18,1,0.395,0
4.9,33.3,0.305,0.118,0,0.201,0
32.5,35.8,0.128,0.162,0,0.157,0
32.0,42.6,0.158,0.307,3,0.307,0
20.7,42.0,0.243,0.211,0,0.287,0
121.6,37.8,0.304,0.544,5,0.764,1
79.1,32.9,0.273,0.281,0,0.209,0
53.8,31.9,0.257,0.345,0,0.148,0
56.4,43.6,0.429,0.509,1,0.449,0
27.9,40.5,0.391,0.244,2,0.427,0
114.2,32.4,0.682,0.485,6,0.847,1
53.4,45.8,0.524,0.33,6,0.668,1
58.8,33.7,0.448,0.173,1,0.301,0
89.0,26.5,0.61,0.405,1,0.35,0
14.4,27.4,0.183,0.208,1,0.142,0
74.0,25.2,0.52,0.302,3,0.244,0
9.8,32.3,0.251,0.102,0,0.105,0
19.1,47.3,0.644,0.25,0,0.513,1
18.4,26.9,0.454,0.115,2,0.077,0
172.8,36.9,0.241,0.724,2,0.809,1
87.4,28.4,0.703,0.363,4,0.487,0
54.4,32.4,0.524,0.179,1,0.281,0
58.4,19.9,0.329,0.245,3,0.137,0
37.2,32.8,0.839,0.214,3,0.443,0
132.3,33.1,0.731,0.652,2,0.746,1
30.9,40.4,0.375,0.151,2,0.327,0
21.5,37.2,0.058,0.191,1,0.132,0
8.0,23.0,0.317,0.126,0,0.097,0
69.4,45.8,0.532,0.352,5,0.73,1
59.7,37.1,0.29,0.247,3,0.322,0
21.8,37.0,0.178,0.11,4,0.237,0
1.1,34.9,0.429,0.137,1,0.14,0
82.2,29.8,0.261,0.318,0,0.182,0
0.5,37.2,0.547,0.104,5,0.396,0
54.7,39.8,0.075,0.235,2,0.231,0
158.2,17.5,0.682,0.614,6,0.747,1
25.9,29.6,0.587,0.185,2,0.154,0
12.1,32.5,0.1,0.087,6,0.273,0
54.9,37.6,0.188,0.241,2,0.202,0
76.5,46.9,0.332,0.333,3,0.624,1
35.6,27.3,0.668,0.126,2,0.161,0
153.6,30.0,0.255,0.638,2,0.737,1
2.4,29.9,0.377,0.225,3,0.2,0
31.6,27.0,0.557,0.338,3,0.215,0
57.0,31.5,0.428,0.314,2,0.322,0
89.3,42.7,0.331,0.191,3,0.503,1
8.9,24.5,0.188,0.294,4,0.155,0
72.4,39.3,0.525,0.25,1,0.431,0
36.2,18.0,0.706,0.172,4,0.12,0
22.7,29.4,0.521,0.216,2,0.1,0
6.4,31.7,0.354,0.275,6,0.355,0
90.2,51.7,0.493,0.445,5,0.855,1
7.7,32.3,0.348,0.24,3,0.255,0
16.7,13.0,0.529,0.164,2,0.096,0
15.4,15.0,0.459,0.16,3,0.066,0
92.3,35.3,0.445,0.393,6,0.64,1
